gene_id,baseMean,log2FoldChange,stat,pvalue,padj,chromosome
GENE0503,32.25,0.7843909976901688,7.490538373237618,0.0016791402784559588,0.9938227200269625,1
GENE0408,36.5,-0.9202719335757283,-4.9954756046065105,0.003719490933541273,0.9938227200269625,1
GENE0678,30.125,-0.48482438702764163,-4.853255915097318,0.004311980155765327,0.9938227200269625,1
GENE0114,28.25,-0.4734970778955194,-3.540431918563477,0.012340360614955696,0.9938227200269625,1
GENE0972,34.875,0.6419997473262047,4.471632403802367,0.014341645825077055,0.9938227200269625,1
GENE0530,33.25,-0.42308794359516977,-3.3386180787087123,0.015671271028427938,0.9938227200269625,1
GENE0489,27.5,0.7066184826668662,3.466297309849128,0.015870110285251933,0.9938227200269625,1
GENE0531,30.0,-0.7714758962565993,-3.9742921966498943,0.020922585598217615,0.9938227200269625,1
GENE0090,34.875,-0.48699842939551097,-3.12626448885641,0.022408586567183104,0.9938227200269625,1
GENE0166,31.0,-0.586784234126311,-3.2178624420748276,0.02332811765162835,0.9938227200269625,1
GENE0874,25.125,0.7235614191854571,3.0756647301628246,0.023664127690789485,0.9938227200269625,1
GENE0064,30.375,0.48612517525784593,3.143633976631248,0.02528361097961866,0.9938227200269625,21
GENE0034,32.375,0.6697302957777964,3.1029974815543166,0.02741331169702185,0.9938227200269625,21
GENE0250,28.0,-0.4059139736468165,-2.8854271322512215,0.02801922631615107,0.9938227200269625,1
GENE0316,25.0,0.8085606976897779,3.532530112683163,0.02904687936228234,0.9938227200269625,1
GENE0856,30.25,-0.3914016890426808,-2.9247607671912226,0.029810295315500678,0.9938227200269625,1
GENE0092,36.875,-0.5717781898031493,-2.8301059616324893,0.030290346781825312,0.9938227200269625,1
GENE0223,27.25,-0.6763877977293102,-3.7008087006896386,0.030357909271816884,0.9938227200269625,1
GENE0353,24.75,0.30228012946829086,2.7288342910797887,0.03437852650351032,0.9938227200269625,1
GENE0871,32.625,-0.5911942027729022,-2.7216447941903996,0.03560040329333593,0.9938227200269625,1
GENE0960,25.75,-0.45431159493618,-2.891761230523178,0.035813409018797086,0.9938227200269625,1
GENE0582,30.875,0.7468483132156614,2.684754834182069,0.036547795270547356,0.9938227200269625,1
GENE0625,26.625,-0.2557158710042531,-2.7589842173701147,0.037205912274962144,0.9938227200269625,1
GENE0557,28.625,0.27862198741492783,2.6527395246082617,0.03789108073790881,0.9938227200269625,1
GENE0393,32.0,0.7232418382646202,2.6873041571903253,0.03804786837653769,0.9938227200269625,1
GENE0708,29.25,-0.42341485141563595,-2.840611959956822,0.038640528250936716,0.9938227200269625,1
GENE0665,30.125,-0.46831185305873113,-2.7021540339091605,0.04079321650507384,0.9938227200269625,1
GENE0478,30.0,0.46294062694253846,2.584129018062486,0.04215031026944546,0.9938227200269625,1
GENE0829,34.125,0.4860187721926321,2.561532745666709,0.04283205503563973,0.9938227200269625,1
GENE0784,31.0,-0.3007688582966148,-2.775862195529755,0.044501531821940124,0.9938227200269625,1
GENE0547,26.75,-0.6876494674525144,-2.5328034402306674,0.044642792280481076,0.9938227200269625,1
GENE0987,29.625,-0.5564302114581405,-2.651062784627451,0.04574914614926341,0.9938227200269625,1
GENE0032,28.875,0.3019682904091372,2.5234607674953295,0.046226906123903656,0.9938227200269625,21
GENE0706,26.875,0.5916687691880931,2.583822761863503,0.04758894515941117,0.9938227200269625,1
GENE0516,28.125,0.2875370204429819,2.5784567411773414,0.048496973884139774,0.9938227200269625,1
GENE0055,37.0,0.36352265886368507,2.473645771764671,0.04863168439887086,0.9938227200269625,21
GENE0107,35.5,0.517024402857424,2.9188445476350884,0.04904547902053102,0.9938227200269625,1
GENE0100,26.375,0.5167965501538312,2.4486876081689255,0.05010759645543675,0.9938227200269625,1
GENE0318,31.75,0.2607354853805415,2.5033803531824415,0.05043186532846451,0.9938227200269625,1
GENE0233,28.25,0.6398188061114132,2.421371306650424,0.05185181422160556,0.9938227200269625,1
GENE0747,31.0,0.6646370026740014,3.044855247913939,0.052236640212455956,0.9938227200269625,1
GENE0170,32.625,-0.5436684543695529,-2.443100092040789,0.05276152825070935,0.9938227200269625,1
GENE0836,29.75,-0.6158773405793605,-2.3878708526945753,0.05468186472749155,0.9938227200269625,1
GENE0837,33.0,0.4765150660720243,2.4955940178687093,0.0557831415461045,0.9938227200269625,1
GENE0390,29.375,-0.4619439854511107,-2.379241626160078,0.056473000002386295,0.9938227200269625,1
GENE0718,29.875,0.6482912414975939,2.8545990037150166,0.05674723321870904,0.9938227200269625,1
GENE0251,25.625,-0.42421197953940837,-2.3428069302045844,0.05825374881571061,0.9938227200269625,1
GENE0610,27.5,0.31566587639839216,2.737565447783336,0.05852114542476232,0.9938227200269625,1
GENE0377,29.5,0.5576906715466086,2.3479911343733173,0.05912795908216721,0.9938227200269625,1
GENE0699,31.25,0.5299694516113762,2.320060035280688,0.0621385163016223,0.9938227200269625,1
GENE0930,28.875,0.5403609932113635,2.2888167440096305,0.06221413561180923,0.9938227200269625,1
GENE0382,27.125,-0.7526117857043131,-2.3151243637225685,0.06345242650982436,0.9938227200269625,1
GENE0844,33.5,-0.5433852314491787,-2.2738951751956638,0.06627993895096737,0.9938227200269625,1
GENE0325,28.875,-0.7670895241283864,-2.4747993867299023,0.06784691717323657,0.9938227200269625,1
GENE0188,34.125,-0.5958251889237323,-2.238056055567545,0.07128351594565048,0.9938227200269625,1
GENE0162,33.625,-0.4405150973469709,-2.1858950844850504,0.07374597582493377,0.9938227200269625,1
GENE0702,27.875,0.4946055832773748,2.140210575624944,0.07682361670912241,0.9938227200269625,1
GENE0963,29.125,-0.47622105208093757,-2.2764827286585807,0.07758661367692303,0.9938227200269625,1
GENE0920,30.75,-0.29598284580561973,-2.1001617093358194,0.08051594680351894,0.9938227200269625,1
GENE0459,25.5,-0.4758923276237432,-2.3213323248704056,0.0821205760543629,0.9938227200269625,1
GENE0511,31.0,-0.8663961534236604,-2.1113035432112905,0.08218669228495644,0.9938227200269625,1
GENE0398,28.875,0.45570089751503673,2.0774692419341547,0.08370475883905139,0.9938227200269625,1
GENE0943,31.5,0.5473503761576444,2.0783359428544936,0.08503147998256144,0.9938227200269625,1
GENE0343,32.625,0.24456021358454993,2.0578660579734396,0.0863212119261636,0.9938227200269625,1
GENE0826,29.875,-0.5220114994074221,-2.144436797120205,0.09055059083273116,0.9938227200269625,1
GENE0691,28.25,-0.5808225186688052,-2.2240921016408755,0.09281861679274168,0.9938227200269625,1
GENE0513,27.75,0.5073505713752784,1.9970306884002078,0.09295984877237026,0.9938227200269625,1
GENE0475,26.875,0.43088037475164764,2.3892624502391073,0.09426415618489054,0.9938227200269625,1
GENE0414,30.625,0.38779820678363564,2.0058774524911724,0.09426717923295126,0.9938227200269625,1
GENE0300,26.75,0.6303336600589375,2.027035731950587,0.0948207286537488,0.9938227200269625,1
GENE0586,28.5,0.3103495774120635,2.002568795947943,0.09488257094168945,0.9938227200269625,1
GENE0969,28.75,-0.7167194194841509,-2.0659720205019356,0.09502481184731644,0.9938227200269625,1
GENE0868,33.5,-0.5538296302894112,-2.02002882178303,0.09537600351765291,0.9938227200269625,1
GENE0022,29.625,0.2759092381626562,1.986457477676493,0.09783693425113345,0.9938227200269625,21
GENE0622,30.375,-0.3390036834009331,-2.3283693092173396,0.09808356016200288,0.9938227200269625,1
GENE0883,33.875,-0.43043400490790606,-2.079924465521466,0.09904027583754198,0.9938227200269625,1
GENE0423,30.375,0.43149594674473857,2.0482425314424333,0.09940661697511158,0.9938227200269625,1
GENE0465,30.125,0.4427865773809616,1.9594463727393232,0.09989985987507542,0.9938227200269625,1
GENE0934,27.625,0.6587964238460327,2.01415079623805,0.10106172253799892,0.9938227200269625,1
GENE0786,32.625,-0.33170136749208723,-2.1015659566487637,0.10969847785142063,0.9938227200269625,1
GENE0642,33.125,-0.4096028003182237,-1.9932908925649537,0.11033754229646389,0.9938227200269625,1
GENE0721,28.75,-0.38114121306475823,-1.8869516482324464,0.11465982110566254,0.9938227200269625,1
GENE0689,32.5,-0.21779207256103206,-1.8488076698142888,0.11526206132979092,0.9938227200269625,1
GENE0025,35.25,-0.4413029224500944,-2.121149512144423,0.11670054505901253,0.9938227200269625,21
GENE0657,35.25,0.46242274561239594,1.861775127711838,0.11728641324221788,0.9938227200269625,1
GENE0050,26.625,0.5578223629501311,1.972133348276484,0.11820666530491691,0.9938227200269625,21
GENE0490,34.0,0.5604710608021808,1.8911650126730368,0.11851936263843041,0.9938227200269625,1
GENE0922,30.125,0.4309571463035926,1.863451014032581,0.11941259576780006,0.9938227200269625,1
GENE0571,30.0,0.24793698431537248,1.871224676875826,0.1197263083518411,0.9938227200269625,1
GENE0228,24.375,0.3964897936438154,1.8406342163597869,0.12218082851855039,0.9938227200269625,1
GENE0752,27.5,0.4836421856933093,1.9778394390478122,0.12267748211480334,0.9938227200269625,1
GENE0348,27.125,-0.4089423270449757,-1.7952587593185967,0.12371687922162387,0.9938227200269625,1
GENE0597,25.5,-0.4582241352171117,-1.804801725404459,0.12418271344565525,0.9938227200269625,1
GENE0436,32.375,-0.3914390211918164,-2.0444478722459034,0.12460006285515948,0.9938227200269625,1
GENE0886,30.0,-0.5716809814258372,-1.7853708084719024,0.12476908024645426,0.9938227200269625,1
GENE0178,33.125,-0.48970071854789765,-1.7794551759081862,0.12656654876290224,0.9938227200269625,1
GENE0724,30.5,0.5170936654151301,1.964091850813356,0.12807245792577737,0.9938227200269625,1
GENE0365,34.625,0.44806948662752966,1.771681706185682,0.1283031912995755,0.9938227200269625,1
GENE0758,26.125,-0.5301228524005968,-1.7603040894406885,0.128955924471446,0.9938227200269625,1
GENE0722,24.875,-0.602264845165922,-1.9727389166264468,0.13018381761841497,0.9938227200269625,1
GENE0687,26.0,-0.46320104462499145,-1.7959079355936522,0.13082191741656385,0.9938227200269625,1
GENE0716,32.875,-0.5207347791964576,-1.8707056725225006,0.13182501765426446,0.9938227200269625,1
GENE0464,28.25,0.627859391745563,1.7608364390003153,0.1333277192842481,0.9938227200269625,1
GENE0945,28.5,-0.5658106839651964,-1.8869814585328926,0.13461357610854757,0.9938227200269625,1
GENE0732,33.5,0.30885513034591483,1.7976309008497575,0.13469669422198147,0.9938227200269625,1
GENE0948,29.625,0.42587327984473244,1.8559487493739304,0.13499255769765695,0.9938227200269625,1
GENE0517,35.5,0.4088764088881387,1.840888624879072,0.1365748930510464,0.9938227200269625,1
GENE0342,31.625,-0.32414690881893815,-1.7179439270271017,0.13720097373960538,0.9938227200269625,1
GENE0142,30.5,0.33702792799828263,1.7504365483996103,0.13725121522675443,0.9938227200269625,1
GENE0712,32.0,-0.4850814676224138,-1.7093494329214651,0.14270776047149636,0.9938227200269625,1
GENE0965,26.5,0.49659168465179704,1.783888916536491,0.14274118548394438,0.9938227200269625,1
GENE0680,27.25,-0.3712893728629112,-1.7134349544089875,0.14353740442444995,0.9938227200269625,1
GENE0458,27.75,-0.49061983447005275,-1.7141303481160868,0.1438630805862057,0.9938227200269625,1
GENE0818,27.0,-0.41280832643963006,-1.6993082632500305,0.14572353828008766,0.9938227200269625,1
GENE0776,25.25,-0.4019905335041827,-1.6752613752147087,0.14580968605883796,0.9938227200269625,1
GENE0373,29.375,0.5310872399969542,1.675713896249491,0.145867589530207,0.9938227200269625,1
GENE0282,27.375,0.33243911253346603,1.7441947428758262,0.14603836473613277,0.9938227200269625,1
GENE0244,26.875,0.5219005807180759,1.7329813362817676,0.14898957809231117,0.9938227200269625,1
GENE0199,31.75,0.422542685535813,1.8284252183357173,0.15005110899216043,0.9938227200269625,1
GENE0666,29.75,0.29521062220879823,1.7018177814261624,0.15035084287223965,0.9938227200269625,1
GENE0849,32.5,-0.2993439702085894,-1.6462402923310702,0.15147108263818712,0.9938227200269625,1
GENE0211,27.0,-0.28772344169311914,-1.6390917918237113,0.1523075233381184,0.9938227200269625,1
GENE0045,32.5,-0.22561916742810073,-1.7369472036564293,0.1537767211125427,0.9938227200269625,21
GENE0015,33.5,0.34298216145233607,1.6337493837016825,0.1538909466085962,0.9938227200269625,21
GENE0033,25.5,-0.40204052124353584,-1.7722625736497533,0.15408587093810877,0.9938227200269625,21
GENE0900,30.25,-0.35683137446500623,-1.7143407505208372,0.15476492942200168,0.9938227200269625,1
GENE0546,33.625,-0.45645904849266294,-1.64985853984047,0.15574186123980294,0.9938227200269625,1
GENE0519,24.625,0.34640781816264354,1.6198901562967232,0.15641193648875376,0.9938227200269625,1
GENE0004,30.75,-0.2801849616893932,-1.6771952295704415,0.15793715124874694,0.9938227200269625,21
GENE0420,31.5,-0.2987077686799031,-1.636044366499114,0.15823171411234996,0.9938227200269625,1
GENE0399,29.0,-0.3430541285893973,-1.6588623836870824,0.158360202977036,0.9938227200269625,1
GENE0094,28.875,0.5482090717354389,1.7422104041257553,0.15864255341322464,0.9938227200269625,1
GENE0381,27.375,-0.3276726641421197,-1.6088943223598875,0.15914282403689212,0.9938227200269625,1
GENE0713,29.75,-0.3366845531504321,-1.6120478261257987,0.15930726254019908,0.9938227200269625,1
GENE0795,30.875,-0.4529989633349114,-1.8313502513117903,0.15958048584160472,0.9938227200269625,1
GENE0086,32.625,0.45034801682881476,1.7185120734024266,0.15964656232675495,0.9938227200269625,1
GENE0013,30.625,-0.5198709069960445,-1.6565506461725246,0.16026127559900502,0.9938227200269625,21
GENE0418,29.0,-0.4057133541006124,-1.727065224990734,0.16137005219426542,0.9938227200269625,1
GENE0080,32.75,0.2525155441472595,1.6033312306618976,0.16162896191390472,0.9938227200269625,21
GENE0402,32.125,0.44533226916345203,1.6511097966272903,0.16461508617702025,0.9938227200269625,1
GENE0961,33.75,-0.4848400384911855,-1.7299865186537238,0.16510628154218315,0.9938227200269625,1
GENE0024,31.25,0.48333451437150643,1.6845979072544652,0.16585799252926653,0.9938227200269625,21
GENE0813,30.25,-0.3935789226974862,-1.7528393375421494,0.1677488825549358,0.9938227200269625,1
GENE0323,33.625,0.35769088273450844,1.57970338024106,0.16806102691539362,0.9938227200269625,1
GENE0509,33.0,0.3303453823289697,1.7434904567102099,0.16811225844648547,0.9938227200269625,1
GENE0074,30.625,0.48639311655893636,1.5644763379767068,0.16898321478294545,0.9938227200269625,21
GENE0069,30.25,0.3277187823668797,1.60127872049627,0.1694005843685199,0.9938227200269625,21
GENE0918,28.0,0.41852440485327946,1.7028794327095038,0.1697062708670319,0.9938227200269625,1
GENE0192,25.875,-0.49392060804240856,-1.6116194362011298,0.16991339654754117,0.9938227200269625,1
GENE0579,33.125,-0.47088482480875715,-1.5955736154528366,0.17039672892746419,0.9938227200269625,1
GENE0606,30.125,-0.2900993516858996,-1.6819021437078616,0.17079549748538547,0.9938227200269625,1
GENE0237,26.75,0.31351084524412975,1.591194700104547,0.17378830790533883,0.9938227200269625,1
GENE0595,35.5,-0.4773216339232569,-1.539075299057072,0.17478761033082704,0.9938227200269625,1
GENE0583,35.25,0.4136222920010759,1.600483857038794,0.17483374260302,0.9938227200269625,1
GENE0728,32.0,0.6447777182024303,1.5786564770420595,0.1759306249821725,0.9938227200269625,1
GENE0675,32.0,0.4720042859296951,1.6847897603291508,0.1807078697597828,0.9938227200269625,1
GENE0577,30.25,-0.45486744398505863,-1.536316561680481,0.18077922441005245,0.9938227200269625,1
GENE0203,29.375,0.4520322432783006,1.6286222454090205,0.1822428751208845,0.9938227200269625,1
GENE0959,34.625,-0.42616336592699966,-1.606601156230539,0.18281809770185448,0.9938227200269625,1
GENE0916,34.25,-0.46692589460248346,-1.6113463881346082,0.18321945537739767,0.9938227200269625,1
GENE0581,33.25,0.42116540335860364,1.5749736583689127,0.18460364621525654,0.9938227200269625,1
GENE0748,23.625,-0.35888349884308557,-1.505351115259261,0.18495719606215644,0.9938227200269625,1
GENE0336,26.625,-0.4593455579014911,-1.6736271435701573,0.1852763386840389,0.9938227200269625,1
GENE0357,32.25,-0.2410745358821922,-1.497981377774433,0.1855298961839132,0.9938227200269625,1
GENE0924,33.0,0.24870696793555602,1.4979516208956143,0.1872426856390196,0.9938227200269625,1
GENE0461,35.125,0.2817488856050705,1.5008102156290581,0.1881201678603433,0.9938227200269625,1
GENE0249,27.75,-0.32512437318550447,-1.5043845557722944,0.1898103071941763,0.9938227200269625,1
GENE0351,27.75,-0.2820014330512368,-1.4761170030983648,0.19062295892629702,0.9938227200269625,1
GENE0938,29.625,-0.35417513269592327,-1.4798987339206915,0.19069180914078887,0.9938227200269625,1
GENE0431,28.375,-0.37434898968821706,-1.4810157700999163,0.1912225075407311,0.9938227200269625,1
GENE0401,28.125,-0.47742550116842075,-1.4788601679181705,0.1913631216548785,0.9938227200269625,1
GENE0467,27.5,-0.5103798565421096,-1.5824433024533848,0.1931529355925251,0.9938227200269625,1
GENE0742,26.25,-0.5384556521219084,-1.4700735251863797,0.19413464046787163,0.9938227200269625,1
GENE0445,30.375,0.3742107754196162,1.5161889187076656,0.19480863490382125,0.9938227200269625,1
GENE0400,27.5,-0.3759048087502279,-1.4719933239513847,0.19489917756676867,0.9938227200269625,1
GENE0812,28.875,-0.23721617652934945,-1.5569194820394274,0.19526457621467913,0.9938227200269625,1
GENE0828,29.25,0.37331784968292414,1.4659190101063426,0.1957132316734383,0.9938227200269625,1
GENE0482,27.875,0.47450252162486706,1.476598879271727,0.19782125760625108,0.9938227200269625,1
GENE0603,30.625,0.48808291636385714,1.4482719951278609,0.1983770462963514,0.9938227200269625,1
GENE0179,27.5,0.33049998064961983,1.4464129238467318,0.1989055346360288,0.9938227200269625,1
GENE0804,25.625,-0.3144971119231217,-1.4416945838761672,0.19962672689803768,0.9938227200269625,1
GENE0730,31.875,-0.36424594070505645,-1.6034506441313212,0.20042914518335028,0.9938227200269625,1
GENE0683,29.5,0.49172052484442563,1.4769807179729417,0.20359934032308488,0.9938227200269625,1
GENE0008,27.75,0.44603337371499663,1.4484326630669047,0.20365500862654387,0.9938227200269625,21
GENE0825,31.125,-0.3559718473935414,-1.4255312572748846,0.2043754208579795,0.9938227200269625,1
GENE0788,24.75,-0.3276948414139049,-1.4245231239873473,0.20535428854730686,0.9938227200269625,1
GENE0589,24.375,0.3444199352407393,1.4182789267238667,0.20628441726355215,0.9938227200269625,1
GENE0654,28.625,-0.3981844361156188,-1.4224087088666797,0.20692332298613117,0.9938227200269625,1
GENE0128,36.0,0.4359839578614393,1.5108112717526627,0.20733494692381962,0.9938227200269625,1
GENE0359,26.75,-0.31685523599147203,-1.4110026061200032,0.2080126488244132,0.9938227200269625,1
GENE0330,31.0,0.36599142931299244,1.4110732001214172,0.2084999414166496,0.9938227200269625,1
GENE0555,34.625,0.3731550164468871,1.4066529932595657,0.20918560786788057,0.9938227200269625,1
GENE0902,28.5,-0.42270250782180163,-1.417263934838475,0.2093871881198208,0.9938227200269625,1
GENE0973,27.625,-0.3450291029590735,-1.4015969168228652,0.21089782893946676,0.9938227200269625,1
GENE0978,31.25,0.19290669099439484,1.4948190761044755,0.21105218712037938,0.9938227200269625,1
GENE0175,32.5,-0.512899197290472,-1.4266172573276625,0.21131332023936183,0.9938227200269625,1
GENE0564,33.5,-0.24693454412368787,-1.530950162323788,0.21288327168880847,0.9938227200269625,1
GENE0688,27.875,0.4557648909861616,1.4142562032260175,0.21311113652789326,0.9938227200269625,1
GENE0501,27.625,-0.2749179188839337,-1.3956116862870593,0.21349171596147173,0.9938227200269625,1
GENE0505,30.5,0.2667348147198032,1.4250307454534257,0.21386800885346005,0.9938227200269625,1
GENE0714,30.875,0.45427288252001663,1.5373706176808386,0.21414793489413564,0.9938227200269625,1
GENE0884,31.0,-0.3547678522920519,-1.453686149120018,0.21426021999166353,0.9938227200269625,1
GENE0370,30.125,0.539307456972395,1.3826724049826826,0.21632734139071025,0.9938227200269625,1
GENE0671,29.625,0.3044612959861057,1.3879688732655695,0.21676005738387358,0.9938227200269625,1
GENE0453,32.125,0.39623361695397197,1.481698819271902,0.21689516236175047,0.9938227200269625,1
GENE0320,29.375,0.3632060419097485,1.3895888292945235,0.2175692462919146,0.9938227200269625,1
GENE0506,25.25,0.3412039551245183,1.4789591950361365,0.21820122697536082,0.9938227200269625,1
GENE0556,29.0,0.3847981882954423,1.3938830136785691,0.2183919805863634,0.9938227200269625,1
GENE0537,30.375,-0.31362714730645624,-1.404196468935471,0.22084411911999988,0.9938227200269625,1
GENE0504,30.125,0.30200896398524435,1.4352309665295298,0.22089733962697025,0.9938227200269625,1
GENE0103,29.5,0.5296297349609675,1.3679134344058856,0.22123580148538613,0.9938227200269625,1
GENE0639,29.0,0.32907509198093265,1.3609313500299611,0.22312371442514375,0.9938227200269625,1
GENE0043,36.625,-0.44596544801325333,-1.3597738832278548,0.22349986393180582,0.9938227200269625,21
GENE0967,29.875,0.5021818346025437,1.4099748783791315,0.2251438130791079,0.9938227200269625,1
GENE0219,32.0,0.3589427626217905,1.382573685268666,0.2253752562770052,0.9938227200269625,1
GENE0200,32.5,-0.24097287270457812,-1.3528979291744778,0.22578374278088614,0.9938227200269625,1
GENE0093,26.0,0.276499674357618,1.3755985303162215,0.22607687215138453,0.9938227200269625,1
GENE0831,31.0,-0.38219147117706864,-1.3437320561613473,0.22785279529179364,0.9938227200269625,1
GENE0575,29.25,-0.4770245391833061,-1.434242820628563,0.23115977204615837,0.9938227200269625,1
GENE0864,30.25,-0.5345735227408115,-1.3899621435027167,0.23271341708893203,0.9938227200269625,1
GENE0361,32.375,0.37283673168607656,1.32836281526761,0.23344456057680632,0.9938227200269625,1
GENE0007,27.875,-0.7700821224179357,-1.4290433726675649,0.23546369871433537,0.9938227200269625,21
GENE0296,30.0,-0.32047783353381387,-1.3790644541356742,0.23680329413120066,0.9938227200269625,1
GENE0872,31.375,-0.3705007184474418,-1.3580881286404325,0.2381677614689212,0.9938227200269625,1
GENE0116,27.75,-0.24151653621524272,-1.329615748334377,0.23828590952723888,0.9938227200269625,1
GENE0198,33.5,0.30086160853427124,1.3190013251130441,0.23840539519021933,0.9938227200269625,1
GENE0061,26.5,0.3756622290215885,1.3124727740717825,0.23974912512800492,0.9938227200269625,21
GENE0469,32.125,0.29572124224386886,1.2974848836139028,0.24242358524397176,0.9938227200269625,1
GENE0821,28.25,0.40137733850033275,1.3540907832867415,0.24289336655542798,0.9938227200269625,1
GENE0667,28.5,-0.3839496722239,-1.3114356774268032,0.2440478205969716,0.9938227200269625,1
GENE0182,41.75,-0.30238563360065474,-1.3022813057253646,0.24415908495175903,0.9938227200269625,1
GENE0599,30.5,-0.378194286071067,-1.291561100172877,0.24443104783681655,0.9938227200269625,1
GENE0437,29.0,-0.4869129088489741,-1.337106735696218,0.2493863221384333,0.9938227200269625,1
GENE0139,32.5,0.3631805765367293,1.3692281145449687,0.24967397619409695,0.9938227200269625,1
GENE0391,30.25,-0.42732901138564294,-1.3063287493971367,0.24991165264050066,0.9938227200269625,1
GENE0569,27.875,0.24702979667984337,1.2945214328223968,0.24995168011767632,0.9938227200269625,1
GENE0658,27.0,-0.1738244345302924,-1.313341275837856,0.25045615388941855,0.9938227200269625,1
GENE0375,28.0,-0.39064587678282514,-1.3746624794059128,0.25166421608022066,0.9938227200269625,1
GENE0870,28.375,0.2318599110389119,1.2640328736990043,0.2531140970891589,0.9938227200269625,1
GENE0975,26.875,0.48723223984515407,1.284957213228118,0.2534907726043411,0.9938227200269625,1
GENE0915,27.375,-0.6552740987666352,-1.3435356949897217,0.2558631794840229,0.9938227200269625,1
GENE0119,28.75,-0.41282254228010196,-1.3368779616040163,0.2584351102776697,0.9938227200269625,1
GENE0163,35.25,-0.4651551036751824,-1.2479239197556014,0.26034192403718626,0.9938227200269625,1
GENE0487,27.5,0.323281529580421,1.2554222623345204,0.2605517160401247,0.9938227200269625,1
GENE0719,27.25,0.291828855995262,1.3384328300242712,0.2606722797392928,0.9938227200269625,1
GENE0630,28.375,-0.4134185986664338,-1.2604572480088447,0.2623605702449171,0.9938227200269625,1
GENE0135,31.25,0.26198606268258384,1.251487290729611,0.26241392211001985,0.9938227200269625,1
GENE0108,28.625,-0.29412534407383717,-1.2402750795746877,0.26285844752218096,0.9938227200269625,1
GENE0299,33.375,0.4940735336688018,1.2344206951176289,0.2635296621796704,0.9938227200269625,1
GENE0442,36.625,-0.4656812186499151,-1.2385874556260954,0.2652158707299646,0.9938227200269625,1
GENE0095,27.5,0.42297092286933147,1.2643849077608373,0.2652434142979859,0.9938227200269625,1
GENE0176,30.5,0.3528257774290733,1.2954078467298182,0.26628317160972653,0.9938227200269625,1
GENE0673,33.375,0.40219851084482805,1.2365109813525639,0.2668744482709,0.9938227200269625,1
GENE0693,24.0,-0.19574617497773517,-1.249343001624395,0.27121240710470107,0.9938227200269625,1
GENE0451,33.625,0.45902621001567123,1.2466331981123897,0.2726264682338291,0.9938227200269625,1
GENE0496,30.25,-0.19900779473786834,-1.2226095031720157,0.27568030406161237,0.9938227200269625,1
GENE0304,30.875,-0.17540152072584192,-1.2049991146986245,0.2758343752234522,0.9938227200269625,1
GENE0855,32.625,0.3690746120956421,1.1938462153233569,0.27770363783256713,0.9938227200269625,1
GENE0337,29.0,-0.3447174976467453,-1.2415612764057167,0.27835590782639846,0.9938227200269625,1
GENE0454,35.375,0.49377557889797075,1.2944664537530537,0.27907413306576834,0.9938227200269625,1
GENE0562,31.75,0.317870186933372,1.2166861380637057,0.27976627053504954,0.9938227200269625,1
GENE0167,33.0,0.28342618501612726,1.2639878455861264,0.2799195445677551,0.9938227200269625,1
GENE0150,27.625,-0.3436829434446773,-1.193734293318488,0.2802918707504077,0.9938227200269625,1
GENE0416,29.625,-0.3169572890503778,-1.238511273122557,0.28176445322349536,0.9938227200269625,1
GENE0151,27.5,-0.27690848479435637,-1.1787560526299738,0.28381463830685694,0.9938227200269625,1
GENE0082,27.75,-0.3477349180081095,-1.20157308597202,0.28429856183206603,0.9938227200269625,1
GENE0171,26.625,0.2856969072997497,1.2400107227589505,0.2847445933935042,0.9938227200269625,1
GENE0333,31.0,-0.40797934849256023,-1.1932654564267882,0.28582917165854393,0.9938227200269625,1
GENE0097,30.625,-0.4335558441591223,-1.199177401939941,0.28670445947295525,0.9938227200269625,1
GENE0859,32.875,-0.34992197364294153,-1.255987197505806,0.2873638029284989,0.9938227200269625,1
GENE0553,26.0,-0.3632965982130907,-1.2284581403986226,0.2873817595902119,0.9938227200269625,1
GENE0257,25.0,0.4001338058828283,1.1869704439202415,0.28749819065632065,0.9938227200269625,1
GENE0709,30.75,0.47726581140206203,1.1977311641586477,0.28767180131345027,0.9938227200269625,1
GENE0363,28.375,-0.5146081741921629,-1.2236187176311146,0.28802975416924664,0.9938227200269625,1
GENE0910,27.875,0.24253620797665842,1.2408769580806396,0.28997815736120053,0.9938227200269625,1
GENE0914,33.0,0.3133964979471573,1.2029743635818555,0.2900163755746757,0.9938227200269625,1
GENE0332,29.0,0.35216264516590545,1.2053487751533172,0.2903863063151128,0.9938227200269625,1
GENE0037,27.75,0.3195574928413034,1.1664615000775613,0.2905339120759965,0.9938227200269625,21
GENE0761,30.875,0.19408486171042405,1.2577540265713174,0.29142211480144975,0.9938227200269625,1
GENE0091,28.25,-0.20979094978259827,-1.1794919401400585,0.2921280644443432,0.9938227200269625,1
GENE0646,27.875,-0.1865388200563194,-1.2401603369617409,0.2945141838194139,0.9938227200269625,1
GENE0760,34.0,0.24785907906959626,1.1776092031875123,0.2946569439289864,0.9938227200269625,1
GENE0062,25.0,0.2243975621709806,1.1559703213266002,0.29518328252588055,0.9938227200269625,21
GENE0816,36.875,0.22046288772548905,1.1680146894668062,0.2954191700370481,0.9938227200269625,1
GENE0768,33.875,-0.4413175922596695,-1.1782370104203705,0.2975308608906418,0.9938227200269625,1
GENE0652,31.375,-0.2546457618361311,-1.157138553029592,0.29987596716532144,0.9938227200269625,1
GENE0862,28.625,-0.207378860312585,-1.131374006025253,0.30115112445740394,0.9938227200269625,1
GENE0861,30.375,0.1961214008107941,1.2111626359145062,0.301357124133584,0.9938227200269625,1
GENE0169,41.75,-0.28386191799111415,-1.2011591597522073,0.30279224075468136,0.9938227200269625,1
GENE0636,28.5,0.3376058699787192,1.1939830406905914,0.30332824094578253,0.9938227200269625,1
GENE0931,34.25,-0.3847972061133724,-1.13776288175306,0.30387439330879024,0.9938227200269625,1
GENE0189,30.0,-0.3930264765114506,-1.2188783355487551,0.3043829542770456,0.9938227200269625,1
GENE0098,26.625,0.3110004874543195,1.1580228257636171,0.30529612086413477,0.9938227200269625,1
GENE0737,24.75,-0.15293580518982086,-1.1317690376238045,0.30571694838733154,0.9938227200269625,1
GENE0275,29.625,0.3503025474207906,1.1256339407618565,0.3067525905551847,0.9938227200269625,1
GENE0623,31.125,0.3236237615443427,1.1224301708861637,0.3069947138065527,0.9938227200269625,1
GENE0514,31.625,0.4686665990782819,1.161514504252164,0.308348378498629,0.9938227200269625,1
GENE0071,32.125,-0.21031189787435967,-1.1777779498220016,0.30879990375887506,0.9938227200269625,21
GENE0534,25.625,0.12340566661960661,1.147920194744897,0.3094323185928083,0.9938227200269625,1
GENE0075,30.125,0.17429341127574727,1.211232401520031,0.30951445972654634,0.9938227200269625,21
GENE0073,28.75,0.41625771774930875,1.120613476646546,0.31007036203184307,0.9938227200269625,21
GENE0349,27.125,0.33207367327319925,1.1406149517978392,0.31023702772068895,0.9938227200269625,1
GENE0123,32.625,-0.2666690446792179,-1.1987018613479465,0.3103424523625274,0.9938227200269625,1
GENE0207,32.0,-0.2674292753394507,-1.116930354535792,0.31048391849463075,0.9938227200269625,1
GENE0438,32.625,0.30706899361482165,1.116451386965394,0.3112676001321119,0.9938227200269625,1
GENE0873,29.375,-0.22973188294858815,-1.1488064254890433,0.3116323204553113,0.9938227200269625,1
GENE0131,36.875,0.40017205642643283,1.1253993680063836,0.31266760045275255,0.9938227200269625,1
GENE0573,35.0,-0.227479303543765,-1.1888813038158839,0.3127678988973465,0.9938227200269625,1
GENE0452,30.0,0.13973126299372218,1.1001732580220709,0.3137376895952067,0.9938227200269625,1
GENE0145,31.75,0.4018720499975492,1.1515738888456364,0.31409372088593523,0.9938227200269625,1
GENE0443,28.125,0.20268297396820145,1.1301141046082044,0.3164597560158861,0.9938227200269625,1
GENE0498,30.625,-0.3345758586579608,-1.1104915863655869,0.31847581342569614,0.9938227200269625,1
GENE0213,32.75,0.29423473532302147,1.157964772449269,0.32054670998361917,0.9938227200269625,1
GENE0111,29.125,0.3906802400355165,1.1530805752425375,0.32370635247084495,0.9938227200269625,1
GENE0276,30.875,0.24643350967521105,1.0810023242835878,0.32558332505465665,0.9938227200269625,1
GENE0731,25.125,0.30894728885698264,1.1089896982524476,0.32704383309877494,0.9938227200269625,1
GENE0529,33.5,0.4481567846292247,1.0677984877061104,0.32792336840968184,0.9938227200269625,1
GENE0101,25.25,0.4655851418656969,1.0887113177184977,0.3285965975733659,0.9938227200269625,1
GENE0572,31.5,0.1628745424242215,1.0692150715729383,0.32909354764613663,0.9938227200269625,1
GENE0322,30.875,-0.3363201874509265,-1.0615653904775357,0.3296924745209501,0.9938227200269625,1
GENE0076,30.25,0.34246871563658043,1.063133324397602,0.33323864591672236,0.9938227200269625,21
GENE0957,30.0,-0.2786109738133433,-1.054148001927791,0.33558635789898095,0.9938227200269625,1
GENE0672,29.375,-0.29476814313366617,-1.0635184946286347,0.341071760933604,0.9938227200269625,1
GENE0740,33.375,-0.20846419549413486,-1.0380705212418486,0.34282560627545944,0.9938227200269625,1
GENE0749,27.375,0.3636594239839912,1.037051860673452,0.34624294894274676,0.9938227200269625,1
GENE0808,29.75,-0.28825032211499213,-1.0320626414735843,0.3465620749572166,0.9938227200269625,1
GENE0017,31.125,0.3804209892956125,1.0555079135876049,0.3474188722788346,0.9938227200269625,21
GENE0204,27.625,0.3098119004656459,1.0355492907096946,0.3508280511879625,0.9938227200269625,1
GENE0635,32.375,0.2833300494227018,1.0066911475943419,0.35401115412290357,0.9938227200269625,1
GENE0301,24.375,-0.3293951416552696,-1.0318410770550224,0.35492753382373576,0.9938227200269625,1
GENE0140,28.5,-0.42027598361506957,-0.9983760861626383,0.3567757565431573,0.9938227200269625,1
GENE0305,31.375,-0.2334678337296321,-0.9974433447289064,0.3570639479807441,0.9938227200269625,1
GENE0236,29.875,0.17485404262713278,0.9937151229669832,0.35875908570256765,0.9938227200269625,1
GENE0306,29.25,0.39029531007181273,1.0058068166244216,0.35886273207974295,0.9938227200269625,1
GENE0651,29.0,0.44330986035965214,1.0400144288758886,0.35894560216089544,0.9938227200269625,1
GENE0324,25.625,-0.233051512638613,-1.0155456199157484,0.3602660771306807,0.9938227200269625,1
GENE0344,30.5,-0.34854278085590185,-1.0031111568359643,0.3604038926969326,0.9938227200269625,1
GENE0515,27.5,0.3128741604595646,1.0010258615984264,0.36226058434758124,0.9938227200269625,1
GENE0241,29.125,0.26986970717316616,0.9860188007623679,0.3623675457212555,0.9938227200269625,1
GENE0936,30.375,0.21404246751937617,1.0057639964521563,0.36246592428000185,0.9938227200269625,1
GENE0628,30.125,-0.2643666189412812,-0.9887179245487854,0.36295786218010373,0.9938227200269625,1
GENE0942,32.375,0.10533240030728486,1.0276475260350935,0.3635884968831443,0.9938227200269625,1
GENE0468,31.875,0.12301135825039644,0.9835409777444003,0.36376761758687953,0.9938227200269625,1
GENE0154,29.875,0.2696371894486598,1.0353084977659568,0.3640504747661647,0.9938227200269625,1
GENE0036,31.75,-0.31336388276201266,-1.0260151474741865,0.36474765202322207,0.9938227200269625,21
GENE0950,26.5,-0.3975513515629707,-1.0306229228347206,0.36484810919326854,0.9938227200269625,1
GENE0522,31.25,-0.2332855727712797,-1.0185664656462854,0.3658296210734846,0.9938227200269625,1
GENE0492,34.0,0.41525120999219123,1.0588002588366028,0.36661063189783105,0.9938227200269625,1
GENE0173,30.625,0.3538289268613628,0.9973238671703141,0.3667848204814183,0.9938227200269625,1
GENE0800,28.625,-0.13277531327232506,-0.9735394102979882,0.36827374188793405,0.9938227200269625,1
GENE0144,31.25,0.2981235585637254,0.9882683959113508,0.370383450434503,0.9938227200269625,1
GENE0016,27.375,0.1628049702174632,0.9654546151322445,0.37160518190780106,0.9938227200269625,21
GENE0763,25.125,0.33209869725460894,0.9780182435212973,0.37161978869210205,0.9938227200269625,1
GENE0980,31.875,0.21451220329714538,0.9716846939263061,0.3716580425581455,0.9938227200269625,1
GENE0925,28.875,-0.19374597026448281,-0.9732222343658421,0.3716676560667207,0.9938227200269625,1
GENE0563,28.875,0.23629597086125997,0.9958087561261911,0.3718114506116018,0.9938227200269625,1
GENE0727,29.875,0.22443898602541168,1.0213852176817,0.3719748153746927,0.9938227200269625,1
GENE0060,30.25,0.2747311669035932,1.0455377736500147,0.3722953969169677,0.9938227200269625,21
GENE0898,33.25,0.24262974897001222,0.9876508518513467,0.3727026231343848,0.9938227200269625,1
GENE0079,30.0,-0.19710136098930509,-1.019878188022279,0.3733003999098902,0.9938227200269625,21
GENE0105,28.125,-0.3214408342959878,-0.9919020091363191,0.37472916604013484,0.9938227200269625,1
GENE0955,28.625,-0.17456310151673193,-0.9777261281338285,0.37498806799096324,0.9938227200269625,1
GENE0298,30.0,0.21146761631311506,0.9783155766953483,0.3762894726852243,0.9938227200269625,1
GENE0879,29.375,-0.3406905218549552,-1.0031487149313356,0.3798719647190122,0.9938227200269625,1
GENE0165,27.0,0.3238059194293008,0.9503015248828973,0.3807440687985713,0.9938227200269625,1
GENE0882,32.625,-0.16110562216734436,-1.0096947385249642,0.38170344970320585,0.9938227200269625,1
GENE0524,29.0,-0.3816137399779933,-0.9389319993904667,0.38416420277221996,0.9938227200269625,1
GENE0850,29.875,0.25065910506649125,0.9388286881192649,0.38596452506744244,0.9938227200269625,1
GENE0217,29.375,0.3550829251529075,0.9478534409198937,0.38641102788578907,0.9938227200269625,1
GENE0383,25.0,-0.24293763236083787,-0.9613210525615614,0.38677340146822375,0.9938227200269625,1
GENE0608,34.0,0.24640312476836712,0.9697647638601193,0.38688602202421374,0.9938227200269625,1
GENE0159,25.75,-0.20826445237371782,-0.9372026684613067,0.387156258311036,0.9938227200269625,1
GENE0177,30.125,0.09642537232984072,0.959785862413153,0.38796010347894483,0.9938227200269625,1
GENE0700,28.875,0.17910642609359773,0.930775192832421,0.38806866872644347,0.9938227200269625,1
GENE0613,28.0,0.3486115287767273,0.9350382362919822,0.3885405863385798,0.9938227200269625,1
GENE0548,29.75,0.21908164510301642,0.932832171871918,0.3895898606082037,0.9938227200269625,1
GENE0113,32.0,-0.24683360299509616,-0.9440270070613447,0.38978922960786105,0.9938227200269625,1
GENE0345,35.75,0.13954495497011266,0.9235630631893752,0.3914558484765443,0.9938227200269625,1
GENE0378,25.625,0.19530290788371474,0.9447698559877117,0.39171214186857367,0.9938227200269625,1
GENE0840,32.875,-0.27824016455014,-0.9524127976409871,0.3930657163027507,0.9938227200269625,1
GENE0988,28.5,-0.25506842533106244,-0.9197710081860081,0.3936148126190593,0.9938227200269625,1
GENE0262,27.625,-0.26997258281060343,-0.94280887310263,0.3954248051311229,0.9938227200269625,1
GENE0976,32.5,-0.338100763848348,-0.9734408149845842,0.39547887148331967,0.9938227200269625,1
GENE0070,30.5,-0.3233850725437497,-0.9238221967485828,0.3961037084933195,0.9938227200269625,21
GENE0384,29.375,0.20685669435445675,0.9231679596519652,0.3962149452631229,0.9938227200269625,1
GENE0609,31.25,0.17168362389629532,0.920039381100514,0.39660632745104407,0.9938227200269625,1
GENE0411,30.125,0.1274704235899442,0.9109672266189341,0.39745885004781706,0.9938227200269625,1
GENE0117,30.625,-0.21720906586903155,-0.9058579083021603,0.3999929330889039,0.9938227200269625,1
GENE0956,28.375,-0.1633296726204927,-0.9472394174344141,0.40034538234313055,0.9938227200269625,1
GENE0775,29.125,0.38855415334399,0.9299171670055907,0.4016031442335091,0.9938227200269625,1
GENE0535,29.625,0.15687176205113484,0.904505876186623,0.40209317966790986,0.9938227200269625,1
GENE0087,28.125,0.24060833780800284,0.9279328046386318,0.40349034585683746,0.9938227200269625,1
GENE0892,31.0,-0.25666093520261235,-0.9081746938318992,0.40392175269944547,0.9938227200269625,1
GENE0019,29.0,-0.1943186731791391,-0.8967058328067419,0.4044192955094514,0.9938227200269625,21
GENE0290,28.25,-0.19641930367710358,-0.8944458703369724,0.40578865036930956,0.9938227200269625,1
GENE0405,27.5,-0.3075667997494653,-0.8956800681549268,0.4066494643195479,0.9938227200269625,1
GENE0565,25.5,0.09628745284293405,0.9204376239037612,0.40744424817199326,0.9938227200269625,1
GENE0252,30.0,0.3104300746302977,0.8904103980156413,0.4081872101251196,0.9938227200269625,1
GENE0853,27.125,-0.26039403107245374,-0.8900990742339963,0.40827795210761497,0.9938227200269625,1
GENE0500,28.625,0.0886952436188535,0.908363275617269,0.4083966585233324,0.9938227200269625,1
GENE0258,31.875,0.22999825335207458,0.8866877330093801,0.4093837024855039,0.9938227200269625,1
GENE0065,29.875,0.2219382668442922,0.8965239335598384,0.40965812872144775,0.9938227200269625,21
GENE0130,31.5,0.2705295961191254,0.9117580770095507,0.41229613499867646,0.9938227200269625,1
GENE0951,26.25,-0.3014069282479772,-0.8817850313842706,0.4135731747818074,0.9938227200269625,1
GENE0184,34.75,-0.330448240270651,-0.9302816088320714,0.41372759399733255,0.9938227200269625,1
GENE0283,27.75,0.21525796225600669,0.8963122720145579,0.4153140383787277,0.9938227200269625,1
GENE0983,28.625,0.2765946898725691,0.8920589676096021,0.4161549755010499,0.9938227200269625,1
GENE0196,30.0,-0.42565253728748687,-0.8925832513212979,0.41717577509936304,0.9938227200269625,1
GENE0428,30.375,-0.1705381658411831,-0.8836040520526887,0.4202836807899518,0.9938227200269625,1
GENE0744,28.125,0.19056491023773514,0.867001825409332,0.42312000618085127,0.9938227200269625,1
GENE0206,32.375,0.26918775337114287,0.8583199304597833,0.4236978652603702,0.9938227200269625,1
GENE0647,31.375,0.12788193558303718,0.9011283634961178,0.4251779634864607,0.9938227200269625,1
GENE0006,25.0,-0.20040370194692425,-0.8657947813425988,0.42669780891703474,0.9938227200269625,21
GENE0897,29.0,-0.34255631310389756,-0.85231990309365,0.42757978236676275,0.9938227200269625,1
GENE0909,31.125,-0.27894368589531027,-0.8517621009645492,0.4277326241452997,0.9938227200269625,1
GENE0592,31.0,0.2989970472514569,0.8668751028354481,0.4278532253946494,0.9938227200269625,1
GENE0999,35.0,-0.1091204709711544,-0.8790454948470907,0.4290523631640836,0.9938227200269625,1
GENE0132,29.375,0.3222496667569983,0.8477242791691247,0.42930969273350233,0.9938227200269625,1
GENE0913,25.0,0.24471989263032512,0.8474365314557757,0.4293129374140985,0.9938227200269625,1
GENE0614,29.875,0.25940201016267483,0.8763494355016055,0.4298059034408929,0.9938227200269625,1
GENE0056,30.0,-0.3803165250297402,-0.8871096688743842,0.4300736028960312,0.9938227200269625,21
GENE0819,29.375,-0.2741742804129803,-0.8473589247662014,0.4326924226058677,0.9938227200269625,1
GENE0781,23.625,-0.2585447470916593,-0.8358452968508429,0.43532997309441684,0.9938227200269625,1
GENE0272,30.625,0.2446333149070119,0.8390025513148351,0.4355620987092562,0.9938227200269625,1
GENE0990,27.5,-0.14690097878055663,-0.8374162179829284,0.4379967720467428,0.9938227200269625,1
GENE0253,29.25,-0.19404994866419134,-0.8285085243818224,0.439119494080428,0.9938227200269625,1
GENE0205,27.5,0.2892003703981283,0.8450794864777642,0.4394698135818896,0.9938227200269625,1
GENE0419,31.25,-0.32468210549275334,-0.8286387182219348,0.4395416825330728,0.9938227200269625,1
GENE0876,37.125,0.4526145544846534,0.863081900864015,0.44035295433450644,0.9938227200269625,1
GENE0059,29.5,-0.19705174763182143,-0.838018724354521,0.44089786239545176,0.9938227200269625,21
GENE0239,23.625,0.3263176579497751,0.8311826712877127,0.44290419722340324,0.9938227200269625,1
GENE0921,32.0,-0.17892495903799865,-0.8300289008085733,0.4436230692414792,0.9938227200269625,1
GENE0210,31.375,0.3043530847825844,0.8539142709038035,0.4438348542644088,0.9938227200269625,1
GENE0327,27.375,-0.3874517023993169,-0.829835233172521,0.44392846691958343,0.9938227200269625,1
GENE0933,27.125,0.3132692129958059,0.821350499240327,0.4453423858381804,0.9938227200269625,1
GENE0906,26.75,0.24488781865896403,0.8234573608889871,0.4459842713201271,0.9938227200269625,1
GENE0707,27.875,-0.24369865896832543,-0.8148822738280014,0.4462711939855609,0.9938227200269625,1
GENE0971,28.125,0.20982896074453006,0.8530225993791959,0.44652398460915216,0.9938227200269625,1
GENE0295,28.25,0.21235488380525247,0.8300997264092194,0.4480831576754025,0.9938227200269625,1
GENE0307,28.375,0.2538224326397147,0.8555539410913396,0.4489190750520105,0.9938227200269625,1
GENE0809,30.75,0.3410941682332185,0.8076946740155289,0.4501161756220379,0.9938227200269625,1
GENE0479,33.125,-0.1261792798282393,-0.8178213656393533,0.45026300492897503,0.9938227200269625,1
GENE0997,26.625,-0.23041430607320645,-0.805665456769629,0.4513044814639713,0.9938227200269625,1
GENE0676,31.125,0.2485323416179268,0.8153307724924564,0.4519774743398191,0.9938227200269625,1
GENE0149,34.125,0.37090019740830993,0.8134941116107262,0.45409072634994313,0.9938227200269625,1
GENE0923,26.625,0.2568764754186148,0.80326338426873,0.4545571765247113,0.9938227200269625,1
GENE0550,22.5,-0.33177328556788943,-0.8498578191156846,0.45591542680748326,0.9938227200269625,1
GENE0018,29.75,0.30186012278082597,0.8183473628710305,0.4570866891938098,0.9938227200269625,21
GENE0126,24.75,-0.12540060630904026,-0.8334539089289238,0.4584847261313636,0.9938227200269625,1
GENE0754,27.875,0.40928674670589515,0.8311367131795804,0.4587037257816428,0.9938227200269625,1
GENE0842,32.375,-0.18358040776351903,-0.801526312814766,0.4591931619892455,0.9938227200269625,1
GENE0869,34.5,0.21754611696182025,0.8008086723995604,0.46003788858122296,0.9938227200269625,1
GENE0389,23.625,-0.26707059471459704,-0.7903889208579731,0.46005226604276206,0.9938227200269625,1
GENE0822,33.125,-0.3199058687112233,-0.7862014621413882,0.4619432889165547,0.9938227200269625,1
GENE0685,31.625,0.2153786698695681,0.8322444856702595,0.46216636359465424,0.9938227200269625,1
GENE0806,26.25,-0.08743270548210003,-0.7864477722319121,0.46424331739495245,0.9938227200269625,1
GENE0887,29.625,-0.2061221189924325,-0.802735851608047,0.4651998537044144,0.9938227200269625,1
GENE0528,34.875,0.12314087495846593,0.7846314181667117,0.4657115429124414,0.9938227200269625,1
GENE0502,27.0,-0.2660786014786982,-0.7873766910300679,0.46770311540683873,0.9938227200269625,1
GENE0368,28.875,-0.3634606315813915,-0.7756322163247441,0.4680255944823515,0.9938227200269625,1
GENE0263,29.625,0.20622435875945389,0.8051451526877279,0.4683468639368369,0.9938227200269625,1
GENE0845,37.125,-0.12497469300947017,-0.7913740964898079,0.4687295530098666,0.9938227200269625,1
GENE0153,32.5,-0.1460470414916326,-0.7729344592897522,0.4691440325585122,0.9938227200269625,1
GENE0334,29.25,-0.3876379019957241,-0.7938503946395126,0.46915510586928166,0.9938227200269625,1
GENE0617,26.125,0.19996664612621462,0.7729128710824305,0.46917145665367155,0.9938227200269625,1
GENE0616,32.75,-0.1913506381938932,-0.7958465929460004,0.46931428396970404,0.9938227200269625,1
GENE0640,26.5,-0.17882970422450217,-0.7747465727315679,0.4704579729704399,0.9938227200269625,1
GENE0814,30.75,0.218558011284407,0.7930404523337344,0.47071104754243165,0.9938227200269625,1
GENE0996,29.0,-0.26892340899223033,-0.7902491423740208,0.4707312467196588,0.9938227200269625,1
GENE0977,32.625,0.13945150510311777,0.7925823397186589,0.4718295666525317,0.9938227200269625,1
GENE0833,29.5,0.2164748111034367,0.7816574216688369,0.47472196929210086,0.9938227200269625,1
GENE0823,31.5,0.2003635207906962,0.7851174136545154,0.47639745586899146,0.9938227200269625,1
GENE0912,31.625,-0.13045619123996932,-0.7667451032624821,0.4774081622099369,0.9938227200269625,1
GENE0143,28.5,0.2730721691218063,0.7568280982288502,0.47809346373289485,0.9938227200269625,1
GENE0567,28.625,0.25150165708994,0.7679427660107577,0.4810503170261299,0.9938227200269625,1
GENE0704,29.875,-0.18505005924231455,-0.76305723733907,0.48376047901950736,0.9938227200269625,1
GENE0838,29.0,-0.11791822884667713,-0.7427196784501842,0.4872387675983688,0.9938227200269625,1
GENE0539,27.5,0.18919458169563086,0.7549312691427014,0.4877316582859273,0.9938227200269625,1
GENE0568,26.0,-0.22429355562361408,-0.7357471179917855,0.4897223775740722,0.9938227200269625,1
GENE0049,29.875,-0.24022859401793628,-0.7652434711336559,0.49119524509151996,0.9938227200269625,21
GENE0797,31.375,0.15257557697848512,0.735974899524086,0.49283997474385055,0.9938227200269625,1
GENE0692,29.875,-0.15953475554838814,-0.7296385788538846,0.49323631602934714,0.9938227200269625,1
GENE0457,30.875,0.21843375225553174,0.7531784960598595,0.4940246559928744,0.9938227200269625,1
GENE0046,28.125,0.1200155218910739,0.733475116490498,0.494264750676518,0.9938227200269625,21
GENE0053,25.25,0.16723771588923686,0.7623004180026522,0.49481024517376115,0.9938227200269625,21
GENE0216,29.625,0.09681249278892778,0.7673121795511417,0.4952040931057834,0.9938227200269625,1
GENE0561,33.625,0.3044787682255077,0.7423325566976691,0.49592742383218547,0.9938227200269625,1
GENE0392,31.0,0.13611779165200488,0.7408484910507124,0.4963158211058072,0.9938227200269625,1
GENE0141,32.875,-0.10730278337014187,-0.7405732854084753,0.4967926775725143,0.9938227200269625,1
GENE0932,22.125,0.21381552170556795,0.7238922226958234,0.49816249785686684,0.9938227200269625,1
GENE0433,35.625,-0.09008949159387214,-0.7227613236627272,0.4987663253323976,0.9938227200269625,1
GENE0928,31.375,-0.1200413968033347,-0.7190535009176092,0.4995991188099802,0.9938227200269625,1
GENE0778,34.875,0.2242114684291785,0.7263405626478338,0.5017013958862921,0.9938227200269625,1
GENE0682,31.0,0.19155350796731696,0.724706219111238,0.5017244272747272,0.9938227200269625,1
GENE0974,35.25,-0.34439573609709395,-0.7128577619056006,0.5031164542478102,0.9938227200269625,1
GENE0407,37.875,-0.15128186251606657,-0.7449464398302347,0.5033676420893177,0.9938227200269625,1
GENE0785,34.75,0.204544709617684,0.720242271785832,0.5036432626884461,0.9938227200269625,1
GENE0852,30.125,0.09192282286494624,0.7296115931304733,0.5052848218371678,0.9938227200269625,1
GENE0830,36.375,-0.16429164628457826,-0.7340499982170597,0.508052042658421,0.9938227200269625,1
GENE0072,25.875,0.2669477732868559,0.7280831627124319,0.5084396237399912,0.9938227200269625,21
GENE0030,33.375,0.20279050707652502,0.7315083755029251,0.5099464165050327,0.9938227200269625,21
GENE0471,36.25,-0.17839212599443144,-0.7096473348681038,0.5101192085157533,0.9938227200269625,1
GENE0197,29.5,0.2203830812726597,0.7039290599690147,0.5104649441744356,0.9938227200269625,1
GENE0063,29.0,-0.22766851635053786,-0.7197686214194694,0.5105312619294559,0.9938227200269625,21
GENE0321,28.25,-0.3197609056615347,-0.7020514124774156,0.5105525578702506,0.9938227200269625,1
GENE0021,24.5,0.14445308788091893,0.7006140562826229,0.5111089942568523,0.9938227200269625,21
GENE0863,30.75,0.17314691158559015,0.6950329429701316,0.5134195904551505,0.9938227200269625,1
GENE0801,22.25,0.4273244000759169,0.7358666525117007,0.5139671030265066,0.9938227200269625,1
GENE0966,23.5,0.22495657942417235,0.6933629040912298,0.5142138482902576,0.9938227200269625,1
GENE0410,32.875,0.24986169828190796,0.7184589858749528,0.5143623304561415,0.9938227200269625,1
GENE0664,33.875,0.18906814035387498,0.6924218684370431,0.5150938006915584,0.9938227200269625,1
GENE0317,25.0,-0.15516848429699603,-0.6952895235459239,0.5158129636941704,0.9938227200269625,1
GENE0551,27.625,0.16355842603203996,0.6976839768173295,0.5159828638233603,0.9938227200269625,1
GENE0473,28.0,0.2931130481983981,0.6974640848545376,0.5164071284401142,0.9938227200269625,1
GENE0488,26.125,-0.23151777046425526,-0.7164586481198885,0.51654717554506,0.9938227200269625,1
GENE0067,35.875,0.1615541004891874,0.6907212920362147,0.5201414363965475,0.9938227200269625,21
GENE0894,35.5,-0.22292864984079763,-0.6920279224615612,0.5212476408946876,0.9938227200269625,1
GENE0088,28.375,0.210874294362144,0.682206016908012,0.5225251055255502,0.9938227200269625,1
GENE0160,29.75,0.2775653330119381,0.7020992687660984,0.5232444525273102,0.9938227200269625,1
GENE0643,28.75,-0.23218189261633082,-0.6823334979826136,0.5233177815297758,0.9938227200269625,1
GENE0190,32.0,0.22684294432289231,0.6836913698555509,0.5236733129693041,0.9938227200269625,1
GENE0286,26.25,-0.25130168396128827,-0.7079872129181124,0.5240261598906488,0.9938227200269625,1
GENE0029,30.75,0.14889615255632282,0.7017719982629561,0.5242835638850574,0.9938227200269625,21
GENE0238,32.875,-0.23123278792037727,-0.6876259336775472,0.5297938901576632,0.9938227200269625,1
GENE0807,25.0,0.13830583818125763,0.6665079458512134,0.5301883952686923,0.9938227200269625,1
GENE0057,28.375,0.23286175979233104,0.6678455970280006,0.5347299207654379,0.9938227200269625,21
GENE0774,34.125,-0.30050448880479586,-0.6713552134484877,0.5367879945633012,0.9938227200269625,1
GENE0917,36.25,-0.24063677973297626,-0.6555671385298709,0.5373479016640856,0.9938227200269625,1
GENE0697,30.25,-0.08920216520738666,-0.6519044525583804,0.5389897661725923,0.9938227200269625,1
GENE0187,34.875,-0.31510692756899417,-0.6721604507557312,0.5390916424026921,0.9938227200269625,1
GENE0456,26.0,0.1249158576062106,0.6649249504547472,0.5406602561494727,0.9938227200269625,1
GENE0026,26.875,0.21510628809637833,0.6444066127505227,0.5431743277866348,0.9938227200269625,21
GENE0510,27.375,0.10732199167516754,0.6430882961695062,0.544182857496718,0.9938227200269625,1
GENE0360,28.0,0.3091557040544801,0.6536850681654509,0.5446495794497628,0.9938227200269625,1
GENE0481,34.25,0.18592499152169406,0.6402158946088566,0.5467229735289711,0.9938227200269625,1
GENE0347,26.25,0.18818403752929314,0.6504784180089438,0.5479259364861294,0.9938227200269625,1
GENE0328,25.125,0.225542883189914,0.6385421523981896,0.5486034090867784,0.9938227200269625,1
GENE0356,32.625,0.16774261912866173,0.660196431216576,0.5500778314403985,0.9938227200269625,1
GENE0486,30.875,-0.10632830047164177,-0.6308739807250334,0.5518059941160713,0.9938227200269625,1
GENE0134,30.875,-0.18488684394366217,-0.6504608911186122,0.5518182350814809,0.9938227200269625,1
GENE0783,29.625,-0.08759167174820703,-0.6255400578171897,0.5551036993251924,0.9938227200269625,1
GENE0310,27.5,-0.20906229480679706,-0.6243871927402505,0.555356302636784,0.9938227200269625,1
GENE0346,30.375,0.1338569019192013,0.625018495051941,0.555379937667376,0.9938227200269625,1
GENE0161,30.875,-0.24552109620678575,-0.6413924240788585,0.5557660533880879,0.9938227200269625,1
GENE0268,30.125,-0.2013049420950903,-0.6424950483002887,0.5587618773267671,0.9938227200269625,1
GENE0611,35.625,-0.1313562159300119,-0.6268766617788596,0.561012882138831,0.9938227200269625,1
GENE0580,29.125,0.16098064083499164,0.6168599275369977,0.5611082588403473,0.9938227200269625,1
GENE0412,34.5,0.21244786227200763,0.6150780171341532,0.5611493143042794,0.9938227200269625,1
GENE0588,24.875,0.25414253147285937,0.6352328977505693,0.5612549221848037,0.9938227200269625,1
GENE0750,31.0,-0.2388294351646385,-0.6337098222095238,0.5639435368875428,0.9938227200269625,1
GENE0946,33.125,0.14800468651253684,0.6103736748207387,0.564751281434869,0.9938227200269625,1
GENE0429,35.375,-0.284167086143408,-0.609331866560883,0.5649748207974454,0.9938227200269625,1
GENE0186,27.75,-0.16087890550504902,-0.6328974719361113,0.5667794546594426,0.9938227200269625,1
GENE0552,27.5,-0.1338779576353364,-0.6337113216750414,0.570021144644882,0.9938227200269625,1
GENE0964,27.375,0.1958876398635363,0.6109783830294574,0.5703117553429008,0.9938227200269625,1
GENE0047,28.0,0.12867419656544854,0.6045483384239607,0.5704376237136674,0.9938227200269625,21
GENE0052,31.625,-0.37093779690254536,-0.5980729021374034,0.5716665011981377,0.9938227200269625,21
GENE0371,28.75,0.22356178585609054,0.6165275740906696,0.5733633812557359,0.9938227200269625,1
GENE0406,33.0,-0.29715970081782483,-0.5956804223815066,0.5734711566230941,0.9938227200269625,1
GENE0155,30.0,0.13050648811385557,0.5955655147578269,0.5738810691796323,0.9938227200269625,1
GENE0994,29.25,0.1636585207841046,0.5870828514601601,0.5785747971299915,0.9938227200269625,1
GENE0953,30.5,0.2106814715541896,0.5988001011048183,0.5816800907001686,0.9938227200269625,1
GENE0764,27.25,0.1444364398279614,0.5811913960696423,0.5826207218977271,0.9938227200269625,1
GENE0559,27.375,-0.2785472888034324,-0.5833321901941497,0.5827640202583207,0.9938227200269625,1
GENE0860,23.875,-0.20164301887111424,-0.588588997046582,0.5835089680884331,0.9938227200269625,1
GENE0937,31.875,-0.2655841163014774,-0.5759941063197616,0.5882530310941341,0.9938227200269625,1
GENE0674,32.875,-0.26185998989054315,-0.5872503175535384,0.5883936555771844,0.9938227200269625,1
GENE0446,33.125,0.24884035750161804,0.5870309706783451,0.5889338117796346,0.9938227200269625,1
GENE0751,33.5,-0.11552019738142771,-0.5713364004846408,0.5892849680400402,0.9938227200269625,1
GENE0277,29.375,0.10486350973695213,0.5857711494673666,0.5896156068713831,0.9938227200269625,1
GENE0242,32.625,0.23859632619129378,0.5723761773381435,0.5909001226192556,0.9938227200269625,1
GENE0294,32.5,-0.1246064650333425,-0.5674780513710665,0.5911160061595312,0.9938227200269625,1
GENE0518,32.0,-0.1615988023356918,-0.578903077587055,0.5915235191650474,0.9938227200269625,1
GENE0698,27.125,-0.13634028773465268,-0.56591565692944,0.5926247137581915,0.9938227200269625,1
GENE0533,27.875,-0.15361493463938913,-0.5698697098878345,0.5947489650439155,0.9938227200269625,1
GENE0841,31.25,-0.19055451620028485,-0.5643174907281716,0.5948827347317385,0.9938227200269625,1
GENE0462,34.25,-0.18009729672875352,-0.5699171587355557,0.5952333627851549,0.9938227200269625,1
GENE0230,26.0,0.12237400088455619,0.567524350166869,0.5953410319948605,0.9938227200269625,1
GENE0027,31.5,0.1453853123319071,0.55773938291826,0.5977413228994073,0.9938227200269625,21
GENE0168,35.875,-0.10132642558850158,-0.5740519375874289,0.5984472356020469,0.9938227200269625,1
GENE0904,36.0,0.15824223551529926,0.5628412956819102,0.5989615509379536,0.9938227200269625,1
GENE0264,29.875,0.1609555396321234,0.554974438108303,0.5992934319621375,0.9938227200269625,1
GENE0011,24.875,-0.14751849424759467,-0.55272275801847,0.6014483456277153,0.9938227200269625,21
GENE0485,28.375,0.1809343080868988,0.5791205577167571,0.6015001100936151,0.9938227200269625,1
GENE0001,29.625,0.08571184030850532,0.5474490937929212,0.6047053604725546,0.9938227200269625,21
GENE0369,28.25,-0.1455925173548671,-0.5459137680982985,0.6048708968342398,0.9938227200269625,1
GENE0986,29.5,-0.08430337374027008,-0.5501641765770777,0.6062926308435601,0.9938227200269625,1
GENE0618,29.25,0.1413584387781519,0.5578868279272182,0.6065637918438008,0.9938227200269625,1
GENE0012,30.25,0.1289669087774934,0.5588312538726004,0.6071874609627108,0.9938227200269625,21
GENE0394,29.0,-0.11470802596389085,-0.54046316986811,0.6100066833746915,0.9938227200269625,1
GENE0225,29.75,0.21812571117376223,0.5375392365110166,0.6107591253901731,0.9938227200269625,1
GENE0638,27.75,0.06454383835934507,0.547348391099595,0.6109757498699036,0.9938227200269625,1
GENE0627,31.625,0.21464582555440526,0.5476761080029875,0.61131286248365,0.9938227200269625,1
GENE0632,27.375,-0.2414989501267586,-0.5354828737581804,0.6116664431655494,0.9938227200269625,1
GENE0472,27.5,0.1122091971347201,0.5606417516616607,0.6121753112244643,0.9938227200269625,1
GENE0133,28.625,0.1277796389807131,0.540429086359746,0.6131372497913753,0.9938227200269625,1
GENE0619,27.625,0.2568533006438063,0.5453784120579036,0.6170702022611578,0.9938227200269625,1
GENE0759,30.0,0.21730662170770998,0.5345328018029891,0.6180673211002963,0.9938227200269625,1
GENE0725,28.125,-0.1365560779440207,-0.5387031072465005,0.6182511349096915,0.9938227200269625,1
GENE0129,27.5,0.13439548292389514,0.5338223110785527,0.6200604094326512,0.9938227200269625,1
GENE0309,28.125,0.18812279148661304,0.5233568609602253,0.6204276970268477,0.9938227200269625,1
GENE0084,30.125,-0.10768841429366383,-0.519665381890728,0.6219080034416388,0.9938227200269625,1
GENE0040,31.0,0.13620907988497155,0.5198542766240226,0.6236672907974989,0.9938227200269625,21
GENE0587,28.5,-0.15899128376889315,-0.5302410388834007,0.6244541591922586,0.9938227200269625,1
GENE0039,25.5,-0.12226758788217662,-0.5156202171660748,0.625962305975135,0.9938227200269625,21
GENE0523,38.0,0.2332830975277096,0.5246526178849527,0.6261802208425095,0.9938227200269625,1
GENE0121,31.375,-0.2562169046623586,-0.5306187383618688,0.6263807369100352,0.9938227200269625,1
GENE0593,28.875,-0.10810088839118315,-0.5114885436437674,0.6274371751873481,0.9938227200269625,1
GENE0041,32.75,0.22364552084607947,0.5152704150142626,0.628858617674841,0.9938227200269625,21
GENE0787,29.125,0.12386002828403786,0.5088718984516489,0.6290667161345112,0.9938227200269625,1
GENE0285,27.5,-0.09102233121055114,-0.509838820591483,0.6308322793915633,0.9938227200269625,1
GENE0802,26.375,0.19444852477105457,0.5088197747431618,0.6313317597776663,0.9938227200269625,1
GENE0035,33.25,-0.11580823439666332,-0.5145526493317792,0.6316747803497162,0.9938227200269625,21
GENE0570,31.0,-0.07819169033480744,-0.5077394647899576,0.6333518481511267,0.9938227200269625,1
GENE0146,29.75,0.12651116350952574,0.5032197380443924,0.6334191249427542,0.9938227200269625,1
GENE0598,29.0,0.14096696332812364,0.503458939754878,0.6350919017402684,0.9938227200269625,1
GENE0605,36.0,0.17479098206327226,0.5209667877899645,0.6360756296501097,0.9938227200269625,1
GENE0180,32.5,0.15626147044001293,0.4987513533195437,0.6365084242180099,0.9938227200269625,1
GENE0854,30.875,-0.16627040238685975,-0.49706975041631857,0.6373364243960316,0.9938227200269625,1
GENE0118,27.375,-0.07178475283156605,-0.49181342376512777,0.6413200407905799,0.9938227200269625,1
GENE0762,32.125,0.22318939433437102,0.49784241975965327,0.6415617847179405,0.9938227200269625,1
GENE0690,28.125,0.14643429848627765,0.48893174907743403,0.6424601353727626,0.9938227200269625,1
GENE0984,32.625,0.13442759512860114,0.48469070977621936,0.6460420233944455,0.9938227200269625,1
GENE0512,26.0,0.2414711662904212,0.4915214184745971,0.6490156990072783,0.9938227200269625,1
GENE0364,34.375,0.1376870314985288,0.4861161320172658,0.6496771762688673,0.9938227200269625,1
GENE0274,29.875,0.13928162233294117,0.4866658608997697,0.650829091714463,0.9938227200269625,1
GENE0839,28.25,-0.1773691923474967,-0.48728005869210095,0.6511471452839278,0.9938227200269625,1
GENE0269,33.0,-0.1451705148207827,-0.4790091638751126,0.6512353187038845,0.9938227200269625,1
GENE0591,25.0,-0.1236914497710142,-0.49196922981834756,0.6515557188164461,0.9938227200269625,1
GENE0981,26.375,0.1260242762429673,0.47598361999121835,0.6515635948591256,0.9938227200269625,1
GENE0793,29.5,-0.17058519402076566,-0.48327263649110935,0.651867871273442,0.9938227200269625,1
GENE0104,28.125,-0.09109987532152797,-0.48181116937424223,0.6522108342310458,0.9938227200269625,1
GENE0089,31.125,-0.19235021178244072,-0.47292866121422034,0.6564712709311972,0.9938227200269625,1
GENE0834,34.5,-0.10321874597797454,-0.4706452662167814,0.6565794277562775,0.9938227200269625,1
GENE0962,31.0,-0.18441418570133372,-0.47544697788402185,0.6567803730218398,0.9938227200269625,1
GENE0596,25.375,-0.09257810986362003,-0.46769763340248083,0.657002272991146,0.9938227200269625,1
GENE0944,28.875,-0.19834818737063742,-0.4772431305520536,0.6579042155358376,0.9938227200269625,1
GENE0120,29.0,-0.21328638649073905,-0.4820549067745037,0.6579882774238703,0.9938227200269625,1
GENE0303,26.625,-0.1603878117606845,-0.4695998486552103,0.6589799415810378,0.9938227200269625,1
GENE0426,34.125,-0.1352698514507633,-0.46920183875852467,0.6594476302882654,0.9938227200269625,1
GENE0773,34.625,-0.13539580969441545,-0.4673024846996114,0.6601911774102682,0.9938227200269625,1
GENE0273,34.375,0.12850788122538326,0.4609914560947577,0.6611704984183531,0.9938227200269625,1
GENE0232,36.75,-0.10477273953818056,-0.4773208418153598,0.6622864136825647,0.9938227200269625,1
GENE0532,30.5,-0.1610939064273076,-0.45824274097815987,0.6635745153279942,0.9938227200269625,1
GENE0480,25.25,-0.1668368969552807,-0.4592567343115576,0.6653916638593103,0.9938227200269625,1
GENE0525,27.75,0.13739483507855255,0.46029228236968966,0.6657774981304316,0.9938227200269625,1
GENE0726,26.625,0.1463800624134084,0.4598149840122453,0.6658849809085792,0.9938227200269625,1
GENE0705,28.875,0.1294220712873475,0.4754754645258493,0.6659651758499472,0.9938227200269625,1
GENE0782,27.5,0.12594879345442056,0.4528329688552222,0.6666279852652659,0.9938227200269625,1
GENE0901,26.75,-0.16126951823782498,-0.45409557826571195,0.6668662675336312,0.9938227200269625,1
GENE0042,29.5,0.1235856444006247,0.4529356883613617,0.666993849509071,0.9938227200269625,21
GENE0644,26.625,-0.2382042302959615,-0.4582022877212013,0.6670127271151783,0.9938227200269625,1
GENE0508,25.25,0.13781646792350166,0.4537974048459311,0.6678856233107092,0.9938227200269625,1
GENE0209,34.75,-0.11958670049941489,-0.4522520162344005,0.6680541289413866,0.9938227200269625,1
GENE0866,30.25,-0.19359270285525731,-0.4524017447666754,0.669187861299414,0.9938227200269625,1
GENE0289,31.875,0.19323663038264005,0.4493549387561859,0.6696394772516111,0.9938227200269625,1
GENE0585,34.0,-0.07286404176177541,-0.45048101635063564,0.6700400701699307,0.9938227200269625,1
GENE0051,33.25,-0.13338937316749977,-0.4648364859644363,0.6710856397822402,0.9938227200269625,21
GENE0466,28.5,0.10901677101046658,0.44613412618280324,0.671382167516569,0.9938227200269625,1
GENE0878,35.375,0.12497406653458576,0.4445300582717068,0.6726227988350577,0.9938227200269625,1
GENE0827,32.75,-0.0760815810286104,-0.4466484261595281,0.6733277831769978,0.9938227200269625,1
GENE0229,31.25,-0.11002473871757612,-0.4537759978978928,0.6735379199224856,0.9938227200269625,1
GENE0875,31.5,0.3039183769543712,0.46323910888657555,0.6736339113563059,0.9938227200269625,1
GENE0313,30.625,-0.11300754065610086,-0.44775703860617755,0.673929959666268,0.9938227200269625,1
GENE0218,28.25,-0.06764077859982276,-0.44547083020351474,0.6739550499841502,0.9938227200269625,1
GENE0889,28.0,-0.1912643794247577,-0.4456531088366536,0.6746623597389995,0.9938227200269625,1
GENE0756,38.75,-0.11839511739344921,-0.4514910328253001,0.6746626020918312,0.9938227200269625,1
GENE0240,27.25,-0.14629930455392692,-0.45976045968706075,0.6758503819881152,0.9938227200269625,1
GENE0102,32.375,-0.10952093492729809,-0.45575017077660057,0.6763254923656319,0.9938227200269625,1
GENE0293,30.0,0.20003595355946846,0.4375416352552943,0.6774271395140445,0.9938227200269625,1
GENE0221,27.125,0.12454651533769834,0.4370948940493245,0.6776487714001007,0.9938227200269625,1
GENE0124,33.375,-0.11604443060023328,-0.43700151433821455,0.6781231702875015,0.9938227200269625,1
GENE0507,30.25,-0.13569412720557317,-0.43755121235946304,0.6784688357763986,0.9938227200269625,1
GENE0739,32.5,0.15116884189185242,0.43567153312024337,0.6788946845766104,0.9938227200269625,1
GENE0164,28.625,-0.1940292612114538,-0.43073377723369327,0.6819704085142669,0.9938227200269625,1
GENE0038,33.25,0.14907180209641435,0.43632996948941555,0.6824461287661148,0.9938227200269625,21
GENE0681,34.75,0.08266620025695737,0.4333694363111015,0.683667046472804,0.9938227200269625,1
GENE0212,31.625,0.05638670428796999,0.4278270334465888,0.6838770768841023,0.9938227200269625,1
GENE0615,29.75,-0.12699476165505974,-0.43774666810882434,0.6841762500245288,0.9938227200269625,1
GENE0245,29.375,-0.14422050681835064,-0.4319605544094128,0.6848837594853747,0.9938227200269625,1
GENE0662,32.875,0.1648701415983398,0.4297647054586584,0.6859846885298038,0.9938227200269625,1
GENE0362,33.5,-0.17604814226297094,-0.42561057780308903,0.6874145746528673,0.9938227200269625,1
GENE0746,34.25,0.15414183397908854,0.4337417031634293,0.6875573516224467,0.9938227200269625,1
GENE0805,25.5,-0.1366336289458836,-0.4210985582615675,0.6888246073430035,0.9938227200269625,1
GENE0993,32.0,-0.12226815380006784,-0.4364254979943963,0.6891154409602329,0.9938227200269625,1
GENE0413,29.25,0.16635626557569783,0.42107861816420983,0.6892623154213848,0.9938227200269625,1
GENE0497,34.5,-0.07507570759947324,-0.42407260361367527,0.6898425445746852,0.9938227200269625,1
GENE0191,29.375,-0.08400561073886781,-0.42461994964002053,0.6903492464495251,0.9938227200269625,1
GENE0455,34.25,-0.15042745060955554,-0.4128341471060636,0.6952753980561002,0.9938227200269625,1
GENE0578,28.625,0.12387382631885391,0.4109209808426619,0.6958455492348827,0.9938227200269625,1
GENE0767,31.75,0.09186088782523338,0.4146864017495214,0.6968883928215505,0.9938227200269625,1
GENE0385,32.75,0.09968730283848348,0.4095179937864766,0.6969965775319729,0.9938227200269625,1
GENE0952,27.625,-0.13595337884865089,-0.411859430705462,0.6970486138338519,0.9938227200269625,1
GENE0376,31.25,-0.12332573128929081,-0.41028460846583886,0.6977666142471027,0.9938227200269625,1
GENE0152,34.125,0.1338455083737582,0.4126495772016565,0.6987494545087694,0.9938227200269625,1
GENE0620,24.625,0.14913927382172076,0.40894467899443954,0.6987836300347186,0.9938227200269625,1
GENE0308,30.625,0.11807368253273065,0.39974672882779816,0.7033213404102225,0.9938227200269625,1
GENE0156,25.375,-0.15297991378261333,-0.40070553907360146,0.704342299325434,0.9938227200269625,1
GENE0723,23.375,-0.19677497934541766,-0.404616203031472,0.705170396530333,0.9938227200269625,1
GENE0694,29.25,-0.08144724740908504,-0.4140428695109379,0.7057367355250546,0.9938227200269625,1
GENE0526,28.375,0.14568222743602455,0.39332939891870894,0.708088106452747,0.9938227200269625,1
GENE0259,40.0,0.10540537785376713,0.3874370871996932,0.7128258277383172,0.9938227200269625,1
GENE0270,30.125,-0.11672332524114282,-0.3901072173612221,0.7145651191005186,0.9938227200269625,1
GENE0527,33.375,-0.10683446165482646,-0.3849160681020789,0.7152873308476295,0.9938227200269625,1
GENE0927,29.0,0.08961207224787504,0.3869016613284393,0.7153143304305699,0.9938227200269625,1
GENE0905,28.75,0.15342403743870214,0.3811447429307966,0.7169603498945285,0.9938227200269625,1
GENE0260,28.25,0.1257268774075202,0.39169949862240966,0.71840716332876,0.9938227200269625,1
GENE0421,29.875,-0.07359057094487031,-0.3795472202108302,0.7186574624999275,0.9938227200269625,1
GENE0602,29.375,-0.1274631183510504,-0.37768706935466906,0.7186774088664996,0.9938227200269625,1
GENE0544,30.125,-0.12345849267963782,-0.37797989750648503,0.7192004882547445,0.9938227200269625,1
GENE0717,28.5,-0.12880533864110522,-0.37707836726697735,0.7193136196710426,0.9938227200269625,1
GENE0417,27.75,0.11330535610233383,0.37794045490866546,0.7196702242371804,0.9938227200269625,1
GENE0899,24.75,-0.0939211389367749,-0.37745190384553073,0.7211515732398835,0.9938227200269625,1
GENE0684,31.625,-0.210430502163935,-0.3728563164045411,0.7233868890953115,0.9938227200269625,1
GENE0729,36.5,-0.12183057070594927,-0.3734342058307576,0.7238587350161517,0.9938227200269625,1
GENE0811,27.25,-0.1319546665416862,-0.37481744935868216,0.7268044901122566,0.9938227200269625,1
GENE0645,28.875,-0.17114744671530513,-0.3738178118327342,0.7271990946869596,0.9938227200269625,1
GENE0441,30.0,-0.10221590655054769,-0.36619658719599474,0.7272281404869041,0.9938227200269625,1
GENE0312,25.625,0.08502516697959983,0.36488687594569674,0.7278409869909769,0.9938227200269625,1
GENE0896,30.0,-0.1502320314928438,-0.3705451038036817,0.7289446703849238,0.9938227200269625,1
GENE0929,29.875,0.08778331604177314,0.3684122058178716,0.7289949954984363,0.9938227200269625,1
GENE0679,33.375,0.10689027573696563,0.3631217491858481,0.7305200825139452,0.9938227200269625,1
GENE0558,31.25,-0.06164122130508343,-0.3651142871815902,0.7311785594185018,0.9938227200269625,1
GENE0265,35.625,0.12240928839160858,0.3707005270433031,0.7316852671755872,0.9938227200269625,1
GENE0624,31.375,0.06460711875652958,0.35938583958995485,0.7324106089513777,0.9938227200269625,1
GENE0185,30.75,-0.07577142734280251,-0.3642525867160862,0.7341757938919056,0.9938227200269625,1
GENE0380,30.125,-0.1116960661697819,-0.35614226706890595,0.7349472633077511,0.9938227200269625,1
GENE0560,28.5,-0.1133943414537093,-0.36012325304717924,0.7349643024942238,0.9938227200269625,1
GENE0865,32.125,-0.10396042381669268,-0.3600510619363586,0.7354437270566502,0.9938227200269625,1
GENE0329,35.625,0.07896036257779837,0.3545519217466617,0.7358065254482363,0.9938227200269625,1
GENE0947,32.125,0.12495613519301862,0.3531865144432121,0.7363999028145083,0.9938227200269625,1
GENE0949,35.125,0.08365688576163954,0.35247544982654966,0.7366118893489011,0.9938227200269625,1
GENE0284,30.25,0.14221515581688227,0.3591795868327261,0.7406859348090056,0.9938227200269625,1
GENE0287,28.75,-0.10101660662286349,-0.3587787470440564,0.7407646616262424,0.9938227200269625,1
GENE0477,27.0,-0.13194968699418297,-0.35518416014344045,0.7413122119233138,0.9938227200269625,1
GENE0415,33.125,-0.11352596014018701,-0.34971213369143345,0.7450787698206685,0.9938227200269625,1
GENE0847,25.125,-0.08168416088312558,-0.3469080399075213,0.7491169082641909,0.9938227200269625,1
GENE0201,29.5,-0.06520031362681333,-0.33724188734820437,0.7497253295405221,0.9938227200269625,1
GENE0493,31.875,0.10664795541016048,0.33771285380146365,0.7500549940871698,0.9938227200269625,1
GENE0450,29.875,-0.1374996779641311,-0.3344190688530747,0.7505069122521726,0.9938227200269625,1
GENE0326,30.375,-0.12139991419162754,-0.3285059564905708,0.7544041475081654,0.9938227200269625,1
GENE0772,33.875,0.08497786162697096,0.32660241479290997,0.7552659283617649,0.9938227200269625,1
GENE0125,28.75,0.10516442091846745,0.3368848915924721,0.7553923392068072,0.9938227200269625,1
GENE0832,31.375,0.08464244926570252,0.3243127102276664,0.7572496758300117,0.9938227200269625,1
GENE0352,27.625,0.08233384113778275,0.3246020137749314,0.7580128216548241,0.9938227200269625,1
GENE0010,30.375,-0.11210564095172781,-0.3217529661898985,0.7586923138871735,0.9938227200269625,21
GENE0541,29.0,-0.0752474193764412,-0.33249300232643036,0.7595277145131313,0.9938227200269625,1
GENE0491,28.875,-0.12800066186732195,-0.3192136402398309,0.7604605841388818,0.9938227200269625,1
GENE0014,29.5,-0.0675010043637343,-0.32120371526135827,0.7611061673608038,0.9938227200269625,21
GENE0227,28.125,-0.07030123708797564,-0.3193755194611851,0.7617701869131893,0.9938227200269625,1
GENE0110,30.125,-0.07669176506551167,-0.3206614419242597,0.76247311061197,0.9938227200269625,1
GENE0374,31.25,-0.0897204811877943,-0.3207434708790509,0.7627604625781613,0.9938227200269625,1
GENE0194,27.625,-0.09036247394171237,-0.3174820566656783,0.7628126788520599,0.9938227200269625,1
GENE0174,31.125,-0.07379147444464174,-0.3156041556700906,0.7638334720663953,0.9938227200269625,1
GENE0280,35.375,-0.12818486589319722,-0.31860665593049337,0.765475863159329,0.9938227200269625,1
GENE0136,31.625,0.0949262672817488,0.3171147790167948,0.7697581378096566,0.9938227200269625,1
GENE0266,27.0,-0.08927497830264297,-0.3133869659788024,0.7705099469721551,0.9938227200269625,1
GENE0633,34.25,0.07029859485392453,0.31162912228224265,0.7706970803539843,0.9938227200269625,1
GENE0867,25.5,0.06412910644017877,0.30606412714882264,0.7711123635261172,0.9938227200269625,1
GENE0231,31.625,0.0914376097091747,0.30922986346545434,0.7718672461098395,0.9938227200269625,1
GENE0214,27.5,0.10838927133321175,0.3020501917462093,0.773308549244272,0.9938227200269625,1
GENE0297,30.0,0.11201915933894036,0.3021842361315871,0.7748746899028846,0.9938227200269625,1
GENE0435,28.125,0.0841486874444648,0.2987019912382153,0.7752452508822589,0.9938227200269625,1
GENE0495,29.375,0.07625634546396043,0.2988392603269131,0.7756268521799208,0.9938227200269625,1
GENE0656,21.0,-0.06482652882095241,-0.2982210703865344,0.7763655346813625,0.9938227200269625,1
GENE0881,33.625,0.09407438232009468,0.3025369078542989,0.7794342420629381,0.9938227200269625,1
GENE0735,31.125,-0.060467546739221056,-0.2921116195662374,0.7800875419470618,0.9938227200269625,1
GENE0424,29.625,-0.1424620463886468,-0.29173461067277884,0.7805450088017499,0.9938227200269625,1
GENE0005,30.375,0.05231236662682903,0.2915648942313541,0.7805654731709636,0.9938227200269625,21
GENE0741,25.5,0.08269309062715902,0.2892170198948712,0.7822174035498382,0.9938227200269625,1
GENE0779,30.25,-0.053253232820059004,-0.2882006286437395,0.7832039466031536,0.9938227200269625,1
GENE0202,32.75,-0.1189121763152654,-0.2923112818602233,0.7835987339501185,0.9938227200269625,1
GENE0893,33.75,0.06252369586219864,0.287751062863232,0.7845468133481458,0.9938227200269625,1
GENE0911,27.5,-0.13985710712964483,-0.2857540531459765,0.7847599390238775,0.9938227200269625,1
GENE0538,30.125,0.08296698665691515,0.28953332549113175,0.7851638461973743,0.9938227200269625,1
GENE0058,32.125,0.08882157716551653,0.2895815930149684,0.7852945156352407,0.9938227200269625,21
GENE0536,30.25,0.06942710177931222,0.2844171995546487,0.7865911620924786,0.9938227200269625,1
GENE0261,25.0,-0.044293281337471235,-0.2845940857114753,0.7873999605984118,0.9938227200269625,1
GENE0444,30.125,-0.07144404959522799,-0.2830493439973935,0.7890212026996786,0.9938227200269625,1
GENE0848,26.5,0.08619324216047275,0.28550561334557445,0.7896361445120245,0.9938227200269625,1
GENE0540,25.875,-0.0742532783732317,-0.2845119946885311,0.7897870940330481,0.9938227200269625,1
GENE0815,32.625,0.07890393815769059,0.28057963500507843,0.790997626959564,0.9938227200269625,1
GENE0574,30.0,-0.0858878359674593,-0.27829068677926677,0.7911270853784866,0.9938227200269625,1
GENE0895,29.625,0.04577445709239569,0.2752094903497058,0.7938204691509737,0.9938227200269625,1
GENE0543,29.0,0.07715122887793413,0.2730863154006917,0.7939891289614445,0.9938227200269625,1
GENE0355,28.625,-0.06134258412571114,-0.27550636578624293,0.7944197291564572,0.9938227200269625,1
GENE0448,28.875,0.0873485100822089,0.2713769616588856,0.7959202500880453,0.9938227200269625,1
GENE0281,35.375,0.08805470402728854,0.2704046000702294,0.7961394320661036,0.9938227200269625,1
GENE0340,34.625,-0.06106519197689764,-0.2742662148283454,0.7967370702795533,0.9938227200269625,1
GENE1000,26.125,0.08474030267975774,0.26948726987110755,0.7975007675151747,0.9938227200269625,1
GENE0970,34.25,-0.08738626273993333,-0.26930403053548707,0.7985173975339821,0.9938227200269625,1
GENE0520,26.0,-0.0791533667065627,-0.26542192715604007,0.7998916269959468,0.9938227200269625,1
GENE0427,30.25,0.06029239871875447,0.2643308335124655,0.800892168364413,0.9938227200269625,1
GENE0115,30.375,0.11881871652660525,0.2686271945715719,0.8013551520567925,0.9938227200269625,1
GENE0386,30.375,0.0562278021015139,0.26561207167384776,0.8017295759592501,0.9938227200269625,1
GENE0903,32.5,0.07261387068342451,0.2664947375025563,0.8040467538122491,0.9938227200269625,1
GENE0701,34.5,0.05898749466005704,0.25928623000243983,0.8048729747059078,0.9938227200269625,1
GENE0696,33.25,0.08459370946896705,0.26181921667209285,0.8052549425682638,0.9938227200269625,1
GENE0077,32.75,-0.05060603800298047,-0.2623308300557681,0.807422597449109,0.9938227200269625,21
GENE0661,31.0,-0.07221380022559476,-0.25484769191801243,0.8076855533433975,0.9938227200269625,1
GENE0686,30.875,0.08794796912842617,0.25653813515690793,0.8084574566451364,0.9938227200269625,1
GENE0655,29.25,-0.058290495628642525,-0.2530328293463726,0.8089931543878746,0.9938227200269625,1
GENE0048,37.125,0.04996895600708484,0.25232527821708095,0.8092244368404784,0.9938227200269625,21
GENE0590,27.375,-0.06112246039710989,-0.25237353873839025,0.809963313298954,0.9938227200269625,1
GENE0235,29.125,0.0970348386311306,0.2529694257301695,0.8121653677864695,0.9938227200269625,1
GENE0877,29.875,0.08761650212121985,0.2478234381668204,0.8125809654313272,0.9938227200269625,1
GENE0810,29.5,-0.03577438277481182,-0.24872087093683484,0.8138993136464402,0.9938227200269625,1
GENE0670,31.5,-0.025464084687635058,-0.24632053082253785,0.8140004266725188,0.9938227200269625,1
GENE0770,25.25,-0.11675351837237002,-0.24499332330735243,0.8151011714445969,0.9938227200269625,1
GENE0222,31.375,-0.09618921615809395,-0.24507204624672757,0.8159223204666164,0.9938227200269625,1
GENE0919,32.625,0.04917753049786988,0.24311699800464465,0.8160597752748063,0.9938227200269625,1
GENE0147,27.5,0.06467514405945884,0.25231309223868664,0.8163377686023308,0.9938227200269625,1
GENE0941,32.0,-0.09435203307613449,-0.24038236276722671,0.8181700487307352,0.9938227200269625,1
GENE0734,24.125,-0.046818066832267746,-0.24552912067029967,0.8182187853753007,0.9938227200269625,1
GENE0339,24.125,0.07273658658173687,0.24670879186064343,0.8183794606207454,0.9938227200269625,1
GENE0247,28.5,0.0791397011303907,0.23963477879417053,0.8186901800825255,0.9938227200269625,1
GENE0738,29.375,-0.06497893427407142,-0.23686891309086894,0.8210496841060045,0.9938227200269625,1
GENE0885,33.25,-0.05516708171492901,-0.24012898083086873,0.8210995159199141,0.9938227200269625,1
GENE0484,28.25,-0.11127258988880939,-0.23781582602432733,0.8216314888041075,0.9938227200269625,1
GENE0989,25.25,-0.05094569046405084,-0.23650015697595017,0.822167438119071,0.9938227200269625,1
GENE0009,24.375,0.06206061824652753,0.23224515279564523,0.8240702620777893,0.9938227200269625,21
GENE0366,25.75,-0.07464439033296699,-0.23861920940903875,0.8253604687339992,0.9938227200269625,1
GENE0470,31.125,0.053242932238877216,0.22896283318887883,0.8265105313240901,0.9938227200269625,1
GENE0542,31.875,0.04195867657644037,0.22975638446544003,0.8270691286481731,0.9938227200269625,1
GENE0044,30.625,0.08918183566760973,0.228192249487327,0.8273663067208685,0.9938227200269625,21
GENE0604,30.25,0.05514715559693695,0.23132823871876776,0.8274783523229625,0.9938227200269625,1
GENE0278,30.5,0.06571424591124586,0.23443056039640137,0.828383837202836,0.9938227200269625,1
GENE0148,36.75,0.05295410806304712,0.22765730193075384,0.8295642920625768,0.9938227200269625,1
GENE0193,32.25,0.056039165186149376,0.23151725768267714,0.829622001188401,0.9938227200269625,1
GENE0311,32.5,0.08422852129828229,0.22274285861531315,0.8314271880447,0.9938227200269625,1
GENE0549,30.625,-0.0335594171015865,-0.22095294353634898,0.8325356471636608,0.9938227200269625,1
GENE0387,27.25,0.07366053391355898,0.2244984606388451,0.8327789931602826,0.9938227200269625,1
GENE0780,29.375,0.05494575027789583,0.21897688720154618,0.8347334242125064,0.9938227200269625,1
GENE0081,30.625,-0.10076300447286002,-0.22391473503357318,0.8347658284112149,0.9938227200269625,1
GENE0422,36.5,0.07164943709500893,0.21782551942643916,0.8358429769161135,0.9938227200269625,1
GENE0600,34.25,-0.1135908552532161,-0.2210180107034994,0.836075087424392,0.9938227200269625,1
GENE0843,28.125,0.04129063946630929,0.21662147860580797,0.8374832245123163,0.9938227200269625,1
GENE0109,26.25,-0.057666469941011655,-0.21403017403744165,0.8376122201650372,0.9938227200269625,1
GENE0649,26.375,-0.05770574334634837,-0.21408253779924077,0.8379764610543124,0.9938227200269625,1
GENE0888,26.0,0.022659684151537185,0.2117672710912477,0.839298833703036,0.9938227200269625,1
GENE0743,32.875,0.052765710825196876,0.21145651383214492,0.8395315747805002,0.9938227200269625,1
GENE0028,33.5,-0.058030677260018315,-0.20937724245476316,0.8410821114539511,0.9938227200269625,21
GENE0226,27.75,-0.07113033144493386,-0.2083530454439365,0.8418544949635102,0.9938227200269625,1
GENE0663,30.25,0.047644884908709884,0.2144308490096032,0.8418928865618245,0.9938227200269625,1
GENE0653,26.0,0.02077101684637217,0.20542131305726916,0.8442510256880087,0.9938227200269625,1
GENE0720,30.375,0.053119679554374244,0.2054910275912867,0.8451201984297676,0.9938227200269625,1
GENE0314,26.75,0.09735864220638124,0.2036499071313807,0.8454819475327731,0.9938227200269625,1
GENE0982,30.25,0.0538618731014866,0.20532647738698748,0.845565394327879,0.9938227200269625,1
GENE0183,28.875,0.07678743979719815,0.2047960061234864,0.8460418634874503,0.9938227200269625,1
GENE0397,28.25,0.06668400523901408,0.20182277333525986,0.8477560077160065,0.9938227200269625,1
GENE0995,29.5,0.030108146049092177,0.1987798661897757,0.8498770874958166,0.9938227200269625,1
GENE0494,26.5,0.08878912627291768,0.19802831254429915,0.8512039093849895,0.9938227200269625,1
GENE0279,29.875,-0.050991358679322474,-0.1932235172304808,0.8548322499125376,0.9938227200269625,1
GENE0835,27.375,0.06754456446682955,0.1866494986835733,0.860059561571819,0.9938227200269625,1
GENE0576,29.5,-0.05232327482006127,-0.18218764301647522,0.8617926694288965,0.9938227200269625,1
GENE0208,27.75,0.0660730391138733,0.18070916477898027,0.8625620836841418,0.9938227200269625,1
GENE0890,30.5,-0.04336974154190987,-0.18658448959207857,0.8627725401893762,0.9938227200269625,1
GENE0463,31.375,-0.029986013786405863,-0.17741937139912162,0.8651499184711777,0.9938227200269625,1
GENE0246,30.25,0.07942514695959701,0.18025808031493393,0.865223875942515,0.9938227200269625,1
GENE0288,27.875,0.04170498175176629,0.1740311264914023,0.8676527790965849,0.9938227200269625,1
GENE0224,32.125,-0.07521422983419601,-0.17756742469685596,0.8684309191680504,0.9938227200269625,1
GENE0626,26.75,-0.054610504994916376,-0.17287381237603164,0.8689557078381567,0.9938227200269625,1
GENE0935,31.625,0.06004198020035201,0.17222655364965198,0.86919922995501,0.9938227200269625,1
GENE0755,29.375,-0.03973401807119181,-0.17126702928910842,0.8696765944287363,0.9938227200269625,1
GENE0432,32.625,-0.05713843313242606,-0.17299908700405742,0.8699858135276848,0.9938227200269625,1
GENE0354,31.75,0.03519796144658116,0.17065695896126842,0.8737022869782912,0.9938227200269625,1
GENE0449,31.875,0.07485733311116238,0.1684917296068806,0.8741811621544964,0.9938227200269625,1
GENE0791,28.5,0.0329176057798346,0.17082261144567965,0.8743815921742834,0.9938227200269625,1
GENE0367,29.125,-0.014788151695547924,-0.16325307998286398,0.8758174882665053,0.9938227200269625,1
GENE0659,32.875,0.04966079957979552,0.16667471824996377,0.8777690671657182,0.9938227200269625,1
GENE0331,30.625,-0.08520689455603403,-0.1650971601788279,0.8783090914433109,0.9938227200269625,1
GENE0792,28.375,0.05052581634167197,0.1621002137538566,0.8796856323408813,0.9938227200269625,1
GENE0736,31.125,-0.038944203480869355,-0.15903616461630135,0.8804827207472725,0.9938227200269625,1
GENE0703,27.125,0.04713721005597016,0.15981333255246502,0.8811934791282788,0.9938227200269625,1
GENE0319,26.375,0.04525711442125324,0.15604191005777673,0.8812725781095657,0.9938227200269625,1
GENE0820,33.5,-0.027222035726395255,-0.16018981321861753,0.8818124549359101,0.9938227200269625,1
GENE0372,32.0,0.039433751335434586,0.15557026604819446,0.881879538060147,0.9938227200269625,1
GENE0857,25.625,-0.07167747032349236,-0.156223181599655,0.8821226059419673,0.9938227200269625,1
GENE0112,30.0,-0.03435548787411502,-0.15520913692375451,0.8837050896555729,0.9938227200269625,1
GENE0766,24.75,-0.045050969707029154,-0.1535234066387341,0.8842236449512946,0.9938227200269625,1
GENE0409,25.125,-0.04275791720306099,-0.14888356962882068,0.8869823573981452,0.9938227200269625,1
GENE0771,29.75,-0.045812690163723246,-0.1487336184837119,0.8878243457649178,0.9938227200269625,1
GENE0425,34.625,0.052394999986144164,0.14775255483672103,0.888162676298413,0.9938227200269625,1
GENE0521,39.0,-0.057085450615751654,-0.14658361145473983,0.8900000615119454,0.9938227200269625,1
GENE0254,33.875,-0.02832035113274678,-0.1441654512156777,0.8900931515724032,0.9938227200269625,1
GENE0926,27.25,-0.06383276235534385,-0.14330909728156044,0.8913208847642096,0.9938227200269625,1
GENE0255,26.625,0.061732994452718515,0.14554994960391987,0.8924623599040293,0.9938227200269625,1
GENE0096,30.625,0.03525897057808525,0.14132141621618188,0.8926238959794306,0.9938227200269625,1
GENE0753,31.25,0.038049073361739794,0.13476077382249532,0.8972101465716233,0.9938227200269625,1
GENE0215,30.75,-0.031770583631013594,-0.13435402301628988,0.8977542730189486,0.9938227200269625,1
GENE0629,29.0,-0.022243942244806192,-0.13914676138589166,0.8977834063084028,0.9938227200269625,1
GENE0677,32.625,0.05675843229522659,0.13903843584402625,0.8979759796406246,0.9938227200269625,1
GENE0315,28.875,0.04704393665237827,0.1359873649231783,0.8985002334059294,0.9938227200269625,1
GENE0789,25.25,-0.01597660575272375,-0.1361189690775992,0.8985103463748746,0.9938227200269625,1
GENE0958,32.5,-0.040701898339418285,-0.12933295956742333,0.9013284919387339,0.9938227200269625,1
GENE0158,27.0,-0.04015208066960252,-0.13040637862716462,0.9026511284378737,0.9938227200269625,1
GENE0396,29.125,-0.04556387011242258,-0.1273374225953224,0.9028350127728567,0.9938227200269625,1
GENE0066,30.5,0.05446023552674184,0.13073998779304666,0.9032208437167307,0.9938227200269625,21
GENE0439,33.625,-0.02746318899841782,-0.12768031043235534,0.9035589073236459,0.9938227200269625,1
GENE0302,33.5,-0.03821354606123162,-0.12637230416282919,0.9035705671292189,0.9938227200269625,1
GENE0137,27.5,-0.030939889759543426,-0.12534262690600517,0.9051630056281537,0.9938227200269625,1
GENE0447,31.5,-0.04079114493392577,-0.12356415769837074,0.9056987196778822,0.9938227200269625,1
GENE0621,31.0,-0.04223839413059327,-0.12225368893227093,0.906764843133397,0.9938227200269625,1
GENE0851,32.375,0.04868738011257445,0.11919763950246691,0.9096039776680998,0.9938227200269625,1
GENE0794,39.875,-0.03671863316188695,-0.12150938045153369,0.9098420078928742,0.9938227200269625,1
GENE0695,29.625,-0.046346931235947686,-0.12128021823863538,0.910261578115294,0.9938227200269625,1
GENE0031,27.125,0.029645245696511502,0.11732284486408003,0.9104708719665885,0.9938227200269625,21
GENE0979,30.0,0.028160145376166845,0.11585608099650854,0.9116203335419503,0.9938227200269625,1
GENE0243,28.75,-0.029688350621371207,-0.11333039311641761,0.9134664913613303,0.9938227200269625,1
GENE0757,33.0,-0.034305623852670664,-0.11327814321701354,0.9135668181915039,0.9938227200269625,1
GENE0566,35.375,0.04405751619543086,0.11383597120259796,0.9142263444200174,0.9938227200269625,1
GENE0099,27.75,-0.04198271644678009,-0.11429886290047746,0.9147835635013609,0.9938227200269625,1
GENE0715,27.625,-0.01963865223001182,-0.11012710715784083,0.9159557284809765,0.9938227200269625,1
GENE0777,27.375,-0.024534148265935585,-0.10886031613887857,0.9173698965147715,0.9938227200269625,1
GENE0234,32.5,-0.03523634502839279,-0.1052942747996205,0.9198326011389606,0.9938227200269625,1
GENE0891,23.125,0.034360666946909646,0.10476930617380875,0.9201189197573632,0.9938227200269625,1
GENE0939,26.875,0.035033792352269444,0.1049417974511246,0.9205569827413204,0.9938227200269625,1
GENE0430,29.625,0.02266495166801441,0.10342386434553372,0.9212947907745452,0.9938227200269625,1
GENE0907,27.875,-0.028499426110150772,-0.1013435447011317,0.9233613526531349,0.9938227200269625,1
GENE0846,26.375,-0.02376657461181697,-0.09900791903235219,0.9247787546910722,0.9938227200269625,1
GENE0607,24.25,-0.03870264258726053,-0.09971168503203905,0.9255905697478961,0.9938227200269625,1
GENE0992,28.25,-0.04149832170042078,-0.09620470272724334,0.9264910956194861,0.9938227200269625,1
GENE0711,29.875,0.025908509812797575,0.09673868242256496,0.926607008133826,0.9938227200269625,1
GENE0817,27.75,-0.03400539520077839,-0.09347632338835939,0.9287649376887888,0.9938227200269625,1
GENE0157,29.125,0.022867169046508096,0.0929156255865039,0.9297541301048188,0.9938227200269625,1
GENE0669,29.75,-0.02389741171420212,-0.09139531447260764,0.9303947469380323,0.9938227200269625,1
GENE0968,30.0,-0.025570764101555454,-0.09094387451155991,0.9314711238415645,0.9938227200269625,1
GENE0641,34.125,0.048229555241579014,0.08841380643678529,0.9326849420242554,0.9938227200269625,1
GENE0733,32.625,0.027176519461559856,0.08780203527027301,0.9329470393471619,0.9938227200269625,1
GENE0631,24.125,0.04050635467334551,0.08807293766283367,0.9338566880835995,0.9938227200269625,1
GENE0292,28.375,-0.029521235328513917,-0.08682029792040503,0.9345728941534559,0.9938227200269625,1
GENE0908,28.75,-0.03158517305399311,-0.08570669838942163,0.9350188085133044,0.9938227200269625,1
GENE0440,34.625,-0.021687449452989505,-0.08722423333902439,0.9353847524880752,0.9938227200269625,1
GENE0181,29.375,-0.02783097495489706,-0.08389052082369483,0.9363374698099407,0.9938227200269625,1
GENE0612,31.875,0.03797154214269938,0.08313982560476793,0.9366695072893354,0.9938227200269625,1
GENE0991,32.375,-0.027082617603207737,-0.08327081949701165,0.937586304183254,0.9938227200269625,1
GENE0474,27.0,0.02431489064177139,0.08277737931832377,0.9387102348684158,0.9938227200269625,1
GENE0054,26.0,0.0329591871882311,0.07979975132307975,0.9392236287317182,0.9938227200269625,21
GENE0790,25.25,0.034939541082450454,0.08172969282615865,0.939650226222973,0.9938227200269625,1
GENE0710,29.5,-0.046562986046551735,-0.07941289024815787,0.9398037477618857,0.9938227200269625,1
GENE0106,29.125,0.030088253728803416,0.07846453089149823,0.9400104196065452,0.9938227200269625,1
GENE0122,27.125,-0.03610813097882648,-0.07572639213343808,0.9421291333800612,0.9938227200269625,1
GENE0350,27.875,0.027325564801054192,0.07556734238738318,0.9422250588547164,0.9938227200269625,1
GENE0138,31.125,-0.02794902484947226,-0.07327084811351271,0.9439753779917023,0.9938227200269625,1
GENE0940,27.0,-0.01036854657016928,-0.0718100093236717,0.9452562364616502,0.9938227200269625,1
GENE0085,27.5,-0.01857986646701182,-0.06956783695738446,0.9469532379295007,0.9938227200269625,1
GENE0220,26.625,0.019612145369221956,0.07003305632856462,0.9470755019167156,0.9938227200269625,1
GENE0745,26.375,-0.021760575326191578,-0.06833112322787427,0.9477424143275344,0.9938227200269625,1
GENE0068,28.625,0.020068609417372762,0.06777418849884118,0.9485851452493624,0.9938227200269625,21
GENE0267,30.875,-0.028237911278294447,-0.06652820534045734,0.9491501457964759,0.9938227200269625,1
GENE0985,22.0,-0.019930265989329676,-0.06488293325525099,0.9509765941989488,0.9938227200269625,1
GENE0023,27.25,0.01929446011124636,0.06356820580211771,0.9515953343244454,0.9938227200269625,21
GENE0594,27.5,0.013436438770399128,0.06362132949580648,0.9522517300753093,0.9938227200269625,1
GENE0358,37.25,0.014287251124980749,0.061913050589715406,0.9531492335608629,0.9938227200269625,1
GENE0769,37.875,0.020126600474964285,0.05948978404057769,0.9552795379990283,0.9938227200269625,1
GENE0395,28.125,-0.018848227471170098,-0.057769090717179894,0.9558944101663523,0.9938227200269625,1
GENE0858,32.5,0.01924022220348398,0.05635429036644021,0.9569213574180321,0.9938227200269625,1
GENE0476,31.0,0.01601596119991111,0.05509639695273116,0.9581446947345706,0.9938227200269625,1
GENE0799,32.125,-0.010996124855966904,-0.0503701156260986,0.961880594587669,0.9938227200269625,1
GENE0172,30.0,-0.02498056918884828,-0.05081203406973872,0.9624136594517385,0.9938227200269625,1
GENE0998,33.75,-0.013003437716958999,-0.04698741973806644,0.9641618122939701,0.9938227200269625,1
GENE0379,30.125,0.014827933420390238,0.04731252187811277,0.9643682443753678,0.9938227200269625,1
GENE0335,34.0,-0.009295387890023932,-0.04722718259144463,0.9646007363849478,0.9938227200269625,1
GENE0003,30.125,-0.006843996979590372,-0.04615074068267471,0.9647951673389601,0.9938227200269625,21
GENE0668,32.5,-0.007658580727164299,-0.04604424124500379,0.9648560813045337,0.9938227200269625,1
GENE0554,36.375,-0.015543134763957411,-0.04601966855432397,0.964914520578527,0.9938227200269625,1
GENE0271,35.375,0.011962885527585954,0.04471302793946007,0.9660431253937745,0.9938227200269625,1
GENE0880,31.375,0.010895246015955706,0.04523447178585958,0.9662552565645863,0.9938227200269625,1
GENE0650,28.75,0.015490359841573209,0.04375882773550293,0.9665196020918734,0.9938227200269625,1
GENE0499,37.75,0.014190956874655214,0.042180568192110135,0.9679428610075671,0.9938227200269625,1
GENE0660,31.625,-0.014029675393006258,-0.03835935882249994,0.9708979481799411,0.9938227200269625,1
GENE0637,35.125,-0.010650376921778282,-0.03779781741428588,0.9716865094885003,0.9938227200269625,1
GENE0020,26.75,-0.013338394078056481,-0.03580544476309596,0.9727714721693292,0.9938227200269625,21
GENE0002,33.875,0.008208965083578157,0.03312704136182267,0.9746526294082951,0.9938227200269625,21
GENE0584,30.5,-0.010063720822403255,-0.031070645983750072,0.976532734572982,0.9938227200269625,1
GENE0338,31.375,-0.008659205214734733,-0.030549530892072484,0.9766208134498653,0.9938227200269625,1
GENE0078,30.375,0.009557528219602318,0.029797401372673595,0.9773655216424928,0.9938227200269625,21
GENE0291,25.25,-0.010209213729541311,-0.02934316512514118,0.977697185113225,0.9938227200269625,1
GENE0388,36.25,-0.012555063775807618,-0.02901054749783421,0.9777970755479987,0.9938227200269625,1
GENE0403,27.875,0.006927558821937296,0.027254512879170984,0.9791938836181462,0.9938227200269625,1
GENE0954,25.875,0.005056955988535172,0.026662261204689515,0.9795972239227629,0.9938227200269625,1
GENE0634,28.625,-0.007448046349216142,-0.02572945999243662,0.9804551979454936,0.9938227200269625,1
GENE0248,37.25,-0.003779464930346421,-0.024409397893621804,0.9814514584623399,0.9938227200269625,1
GENE0798,28.625,0.006679474271045649,0.02393325841062328,0.9819000931645079,0.9938227200269625,1
GENE0083,33.0,-0.005938268915948619,-0.021534042215521246,0.9835274115104129,0.9938227200269625,1
GENE0460,28.125,0.007697973136615133,0.02127154908339808,0.9838345836246443,0.9938227200269625,1
GENE0824,25.5,0.005537078124948636,0.02135872034220625,0.9838672278160956,0.9938227200269625,1
GENE0434,33.0,0.006461492295733784,0.02180569607091162,0.9838957201989147,0.9938227200269625,1
GENE0195,31.125,-0.005359093006351401,-0.019902682630301313,0.9850760416712204,0.9938227200269625,1
GENE0796,28.125,0.008606991388937502,0.019089386261808606,0.9855603875479618,0.9938227200269625,1
GENE0765,29.5,-0.0018929679930215215,-0.015936088883846032,0.9878038007744518,0.9938227200269625,1
GENE0803,31.25,0.003562751583920054,0.01594742056743734,0.9878418186409952,0.9938227200269625,1
GENE0341,27.125,0.004838240945478134,0.014027336073963082,0.9893114084586002,0.9938227200269625,1
GENE0648,31.75,0.00470445857028956,0.014097443820148017,0.9894484849227471,0.9938227200269625,1
GENE0256,33.0,0.0033132015373773527,0.010876502877805831,0.9916819048500904,0.9938227200269625,1
GENE0404,30.25,0.0035509083243931983,0.010516987585528353,0.9920696616433704,0.9938227200269625,1
GENE0601,30.875,0.0037662438867878123,0.010010074254590183,0.9924261731633495,0.9938227200269625,1
GENE0545,26.0,0.00356825904572311,0.009835355969905039,0.9925920950897982,0.9938227200269625,1
GENE0127,26.375,-0.0029802865940471435,-0.009405840167159148,0.9928288973069355,0.9938227200269625,1
GENE0483,26.875,-0.0005327909704968548,-0.0016766038742445808,0.9987170751419124,0.9987170751419124,1
